id,company,title,season,season_inferred,seasons,program,remote,category,location,sponsorship,h1b_approvals,salary,skills,posted_at,posted_at_source,first_seen_at,url
lever:esrtreit:c88d02a3-4075-4e74-9575-a26c74361e22,Empire State Realty Trust,Service Desk & AV Support Intern,Not stated,True,,Internship,,IT Support / Ops,"New York, New York, United States",unknown,,22 USD/hr,,2026-09-01T20:33:07Z,exact,2026-09-01T21:15:28Z,https://jobs.lever.co/esrtreit/c88d02a3-4075-4e74-9575-a26c74361e22
oracle:ebgj.fa.us2.oraclecloud.com:253297,Texas Instruments,IT Infrastructure Intern - Summer 2027,Summer 2027,False,,Internship,,Systems & Cloud Infra,"Pella, IA, United States",unknown,234,$27.25/hr,LLMs,2026-09-01,date_only,2026-09-01T16:50:53Z,https://ebgj.fa.us2.oraclecloud.com/hcmUI/CandidateExperience/en/sites/CX_1/job/253297
oracle:hdjq.fa.us2.oraclecloud.com:26009321,Emerson Electric,Cybersecurity Engineering Co-op (Jan27-May27),Not stated,True,,Co-op,,Security (general),"Shakopee, MN, United States",unknown,8,,Python; C++,2026-09-01,date_only,2026-09-01T00:51:38Z,https://hdjq.fa.us2.oraclecloud.com/hcmUI/CandidateExperience/en/sites/CX_1/job/26009321
oracle:hdjq.fa.us2.oraclecloud.com:26009324,Emerson Electric,Cybersecurity Engineering Intern,Not stated,True,,Internship,,Security (general),"Shakopee, MN, United States",unknown,8,,Python; C++,2026-09-01,date_only,2026-09-01T00:51:38Z,https://hdjq.fa.us2.oraclecloud.com/hcmUI/CandidateExperience/en/sites/CX_1/job/26009324
oracle:hdjq.fa.us2.oraclecloud.com:26009478,Emerson Electric,Cybersecurity Engineering Intern,Not stated,True,,Internship,,Security (general),"Boulder, CO, United States",unknown,8,,Python; C++,2026-09-01,date_only,2026-09-01T00:51:38Z,https://hdjq.fa.us2.oraclecloud.com/hcmUI/CandidateExperience/en/sites/CX_1/job/26009478
workday:availity:/job/Remote---United-States/Cloud-Operations-Intern_R0008424,Availity,Cloud Operations Intern,Not stated,True,,Internship,yes,Cloud Platform,Remote - United States,unknown,2,,AWS; Terraform; Linux,2026-09-01T00:00:00Z,date_only,2026-09-01T16:50:53Z,https://availity.wd1.myworkdayjobs.com/availity_careers_us/job/Remote---United-States/Cloud-Operations-Intern_R0008424
workday:bah:/job/Annapolis-Junction-MD/University---2027-Summer-Games-Cyber-Security-Intern---Annapolis-Junction--MD_R0248414,Booz Allen,"University - 2027 Summer Games Cyber Security Intern - Annapolis Junction, MD",Summer 2027,False,,Internship,,Security (general),"Annapolis Junction, MD",citizens-only,,$108k/yr,Linux,2026-09-01T00:00:00Z,date_only,2026-09-01T21:15:28Z,https://bah.wd1.myworkdayjobs.com/bah_jobs/job/Annapolis-Junction-MD/University---2027-Summer-Games-Cyber-Security-Intern---Annapolis-Junction--MD_R0248414
workday:bah:/job/Annapolis-Junction-MD/University---2027-Summer-Games-Systems-Engineer-Intern---Annapolis-Junction--MD_R0248384,Booz Allen,"University - 2027 Summer Games Systems Engineer Intern - Annapolis Junction, MD",Summer 2027,False,,Internship,,Systems & Cloud Infra,"Annapolis Junction, MD",citizens-only,,$108k/yr,Python; Java; C++; JavaScript,2026-09-01T00:00:00Z,date_only,2026-09-01T21:15:28Z,https://bah.wd1.myworkdayjobs.com/bah_jobs/job/Annapolis-Junction-MD/University---2027-Summer-Games-Systems-Engineer-Intern---Annapolis-Junction--MD_R0248384
workday:bah:/job/Atlanta-GA/University---2027-Summer-Games--Systems-Engineer-Intern---Atlanta--GA_R0248381,Booz Allen,"University - 2027 Summer Games, Systems Engineer Intern - Atlanta, GA",Summer 2027,False,,Internship,,Systems & Cloud Infra,"Atlanta, GA",citizens-only,,$108k/yr,Python; Java; C++; JavaScript,2026-09-01T00:00:00Z,date_only,2026-09-01T21:15:28Z,https://bah.wd1.myworkdayjobs.com/bah_jobs/job/Atlanta-GA/University---2027-Summer-Games--Systems-Engineer-Intern---Atlanta--GA_R0248381
workday:bah:/job/Colorado-Springs-CO/University---2027-Summer-Games-Systems-Engineer-Intern---Charleston--SC_R0248369,Booz Allen,"University - 2027 Summer Games Systems Engineer Intern - Charleston, SC",Summer 2027,False,,Internship,,Systems & Cloud Infra,"Colorado Springs, CO",citizens-only,,$108k/yr,Python; Java; C++; JavaScript,2026-09-01T00:00:00Z,date_only,2026-09-01T21:15:28Z,https://bah.wd1.myworkdayjobs.com/bah_jobs/job/Colorado-Springs-CO/University---2027-Summer-Games-Systems-Engineer-Intern---Charleston--SC_R0248369
workday:bah:/job/Colorado-Springs-CO/University---2027-Summer-Games-Systems-Engineer-Intern---Colorado-Springs--CO_R0248368,Booz Allen,"University - 2027 Summer Games Systems Engineer Intern - Colorado Springs, CO",Summer 2027,False,,Internship,,Systems & Cloud Infra,"Colorado Springs, CO",citizens-only,,$108k/yr,Python; Java; C++; JavaScript,2026-09-01T00:00:00Z,date_only,2026-09-01T21:15:28Z,https://bah.wd1.myworkdayjobs.com/bah_jobs/job/Colorado-Springs-CO/University---2027-Summer-Games-Systems-Engineer-Intern---Colorado-Springs--CO_R0248368
workday:bah:/job/Fort-Walton-Beach-FL/University---2027-Summer-Games-Cyber-Security-Intern---Ft-Walton-Beach--FL_R0248416,Booz Allen,"University - 2027 Summer Games Cyber Security Intern - Ft. Walton Beach, FL",Summer 2027,False,,Internship,,Security (general),"Fort Walton Beach, FL",citizens-only,,$108k/yr,Linux,2026-09-01T00:00:00Z,date_only,2026-09-01T21:15:28Z,https://bah.wd1.myworkdayjobs.com/bah_jobs/job/Fort-Walton-Beach-FL/University---2027-Summer-Games-Cyber-Security-Intern---Ft-Walton-Beach--FL_R0248416
workday:bah:/job/Fort-Walton-Beach-FL/University---2027-Summer-Games-Systems-Engineer-Intern---Ft-Walton-Beach--FL_R0248388,Booz Allen,"University - 2027 Summer Games Systems Engineer Intern - Ft. Walton Beach, FL",Summer 2027,False,,Internship,,Systems & Cloud Infra,"Fort Walton Beach, FL",citizens-only,,$108k/yr,Python; Java; C++; JavaScript,2026-09-01T00:00:00Z,date_only,2026-09-01T21:15:28Z,https://bah.wd1.myworkdayjobs.com/bah_jobs/job/Fort-Walton-Beach-FL/University---2027-Summer-Games-Systems-Engineer-Intern---Ft-Walton-Beach--FL_R0248388
workday:bah:/job/Honolulu-HI/University---2027-Summer-Games-Cyber-Security-Intern---Honolulu--HI_R0248411,Booz Allen,"University - 2027 Summer Games Cyber Security Intern - Honolulu, HI",Summer 2027,False,,Internship,,Security (general),"Honolulu, HI",citizens-only,,$108k/yr,Linux,2026-09-01T00:00:00Z,date_only,2026-09-01T21:15:28Z,https://bah.wd1.myworkdayjobs.com/bah_jobs/job/Honolulu-HI/University---2027-Summer-Games-Cyber-Security-Intern---Honolulu--HI_R0248411
workday:bah:/job/Honolulu-HI/University---2027-Summer-Games-Systems-Engineer-Intern---Honolulu--HI_R0248370,Booz Allen,"University - 2027 Summer Games Systems Engineer Intern - Honolulu, HI",Summer 2027,False,,Internship,,Systems & Cloud Infra,"Honolulu, HI",citizens-only,,$108k/yr,Python; Java; C++; JavaScript,2026-09-01T00:00:00Z,date_only,2026-09-01T21:15:28Z,https://bah.wd1.myworkdayjobs.com/bah_jobs/job/Honolulu-HI/University---2027-Summer-Games-Systems-Engineer-Intern---Honolulu--HI_R0248370
workday:bah:/job/Huntsville-AL/University---2027-Summer-Games-Cyber-Security-Intern---Huntsville--AL_R0248412,Booz Allen,"University - 2027 Summer Games Cyber Security Intern - Huntsville, AL",Summer 2027,False,,Internship,,Security (general),"Huntsville, AL",citizens-only,,$108k/yr,Linux,2026-09-01T00:00:00Z,date_only,2026-09-01T21:15:28Z,https://bah.wd1.myworkdayjobs.com/bah_jobs/job/Huntsville-AL/University---2027-Summer-Games-Cyber-Security-Intern---Huntsville--AL_R0248412
workday:bah:/job/McLean-VA/University---2027-Summer-Games-Systems-Engineer-Intern---McLean--VA_R0248361,Booz Allen,"University - 2027 Summer Games Systems Engineer Intern - McLean, VA",Summer 2027,False,,Internship,,Systems & Cloud Infra,"McLean, VA",citizens-only,,$108k/yr,Python; Java; C++; JavaScript,2026-09-01T00:00:00Z,date_only,2026-09-01T21:15:28Z,https://bah.wd1.myworkdayjobs.com/bah_jobs/job/McLean-VA/University---2027-Summer-Games-Systems-Engineer-Intern---McLean--VA_R0248361
workday:bah:/job/Rome-NY/University---2027-Summer-Games-Systems-Engineer-Intern---Rome--NY_R0248386,Booz Allen,"University - 2027 Summer Games Systems Engineer Intern - Rome, NY",Summer 2027,False,,Internship,,Systems & Cloud Infra,"Rome, NY",citizens-only,,$108k/yr,Python; Java; C++; JavaScript,2026-09-01T00:00:00Z,date_only,2026-09-01T21:15:28Z,https://bah.wd1.myworkdayjobs.com/bah_jobs/job/Rome-NY/University---2027-Summer-Games-Systems-Engineer-Intern---Rome--NY_R0248386
workday:bah:/job/San-Diego-CA/University---2027-Summer-Games-Systems-Engineer-Intern---El-Segundo--CA_R0248366,Booz Allen,"University - 2027 Summer Games Systems Engineer Intern - El Segundo, CA",Summer 2027,False,,Internship,,Systems & Cloud Infra,"San Diego, CA",citizens-only,,$108k/yr,Python; Java; C++; JavaScript,2026-09-01T00:00:00Z,date_only,2026-09-01T21:15:28Z,https://bah.wd1.myworkdayjobs.com/bah_jobs/job/San-Diego-CA/University---2027-Summer-Games-Systems-Engineer-Intern---El-Segundo--CA_R0248366
workday:bah:/job/San-Diego-CA/University---2027-Summer-Games-Systems-Engineer-Intern---San-Diego--CA_R0248365,Booz Allen,"University - 2027 Summer Games Systems Engineer Intern - San Diego, CA",Summer 2027,False,,Internship,,Systems & Cloud Infra,"San Diego, CA",citizens-only,,$108k/yr,Python; Java; C++; JavaScript,2026-09-01T00:00:00Z,date_only,2026-09-01T21:15:28Z,https://bah.wd1.myworkdayjobs.com/bah_jobs/job/San-Diego-CA/University---2027-Summer-Games-Systems-Engineer-Intern---San-Diego--CA_R0248365
workday:caci:/job/Sarasota-FL-US/AWS-Cloud-Engineering-Intern---Summer-2027_331437,CACI,AWS Cloud Engineering Intern - Summer 2027,Summer 2027,False,,Internship,,Cloud Platform,"Sarasota, FL, US",unknown,,,AWS; Python; Java; Bash; Node.js; Linux,2026-09-01T00:00:00Z,date_only,2026-09-01T21:15:28Z,https://caci.wd1.myworkdayjobs.com/external/job/Sarasota-FL-US/AWS-Cloud-Engineering-Intern---Summer-2027_331437
workday:fnbcorp:/job/Pittsburgh-PA/Summer-2027-Systems-Analyst-Intern_2026-02021,First National Bank,Summer 2027 Systems Analyst Intern,Summer 2027,False,,Internship,,Systems & Cloud Infra,"Pittsburgh, PA",no-sponsorship,,,SQL,2026-09-01T00:00:00Z,date_only,2026-09-01T21:15:28Z,https://fnbcorp.wd501.myworkdayjobs.com/FNBCORP/job/Pittsburgh-PA/Summer-2027-Systems-Analyst-Intern_2026-02021
workday:genpt:/job/Birmingham-AL-USA/Cloud-Developer-Intern_R26_0000029133,Genuine Parts Company,Cloud Developer Intern,Not stated,True,,Internship,,Cloud Platform,"Birmingham, AL, USA",unknown,63,,Java; GCP; Linux; Git,2026-09-01T00:00:00Z,date_only,2026-09-01T23:33:08Z,https://genpt.wd1.myworkdayjobs.com/Careers/job/Birmingham-AL-USA/Cloud-Developer-Intern_R26_0000029133
workday:genpt:/job/Birmingham-AL-USA/Cloud-SRE-Intern_R26_0000029134,Genuine Parts Company,Cloud SRE Intern,Not stated,True,,Internship,,Cloud Platform,"Birmingham, AL, USA",unknown,63,,GCP,2026-09-01T00:00:00Z,date_only,2026-09-01T23:33:08Z,https://genpt.wd1.myworkdayjobs.com/Careers/job/Birmingham-AL-USA/Cloud-SRE-Intern_R26_0000029134
workday:genpt:/job/Birmingham-AL-USA/GRC-Cybersecurity-Analyst-Intern_R26_0000029137,Genuine Parts Company,GRC/Cybersecurity Analyst Intern,Not stated,True,,Internship,,GRC / Risk,"Birmingham, AL, USA",unknown,63,,Linux,2026-09-01T00:00:00Z,date_only,2026-09-01T23:33:08Z,https://genpt.wd1.myworkdayjobs.com/Careers/job/Birmingham-AL-USA/GRC-Cybersecurity-Analyst-Intern_R26_0000029137
workday:genpt:/job/Birmingham-AL-USA/Platform-Engineering-Intern_R26_0000029141,Genuine Parts Company,Platform Engineering Intern,Not stated,True,,Internship,,Systems & Cloud Infra,"Birmingham, AL, USA",unknown,63,,GCP,2026-09-01T00:00:00Z,date_only,2026-09-01T23:33:08Z,https://genpt.wd1.myworkdayjobs.com/Careers/job/Birmingham-AL-USA/Platform-Engineering-Intern_R26_0000029141
workday:globalhr:/job/US-IA-CEDAR-RAPIDS-166--855-35Th-St-NE--BLDG-166/Cyber-Engineering-Intern--Summer-2027-_01871442,RTX,Cyber Engineering Intern (Summer 2027),Summer 2027,False,,Internship,,Security (general),US-IA-CEDAR RAPIDS-166 ~ 855 35Th St NE ~ BLDG 166,citizens-only,,,Python; C++,2026-09-01T00:00:00Z,date_only,2026-09-01T21:15:28Z,https://globalhr.wd5.myworkdayjobs.com/Private_Posting_No_TMP/job/US-IA-CEDAR-RAPIDS-166--855-35Th-St-NE--BLDG-166/Cyber-Engineering-Intern--Summer-2027-_01871442
workday:globalhr:/job/US-IA-CEDAR-RAPIDS-166--855-35Th-St-NE--BLDG-166/Cyber-Engineering-Intern--Summer-2027-_01871444,RTX,Cyber Engineering Intern (Summer 2027),Summer 2027,False,,Internship,,Security (general),US-IA-CEDAR RAPIDS-166 ~ 855 35Th St NE ~ BLDG 166,citizens-only,,,Python; C++,2026-09-01T00:00:00Z,date_only,2026-09-01T21:15:28Z,https://globalhr.wd5.myworkdayjobs.com/Private_Posting_No_TMP/job/US-IA-CEDAR-RAPIDS-166--855-35Th-St-NE--BLDG-166/Cyber-Engineering-Intern--Summer-2027-_01871444
workday:globalhr:/job/US-IA-CEDAR-RAPIDS-193--1120-Collins-Rd-NE--BLDG193/Intern--Systems-Engineer--Onsite-_01868477,RTX,Intern- Systems Engineer (Onsite),Not stated,True,,Internship,,Systems & Cloud Infra,US-IA-CEDAR RAPIDS-193 ~ 1120 Collins Rd NE ~ BLDG193,citizens-only,,,Python,2026-09-01T00:00:00Z,date_only,2026-09-01T23:33:08Z,https://globalhr.wd5.myworkdayjobs.com/Private_Posting_No_TMP/job/US-IA-CEDAR-RAPIDS-193--1120-Collins-Rd-NE--BLDG193/Intern--Systems-Engineer--Onsite-_01868477
workday:mastercard:/job/OFallon-Missouri/Platform-Engineering-Intern--Summer-2027---St-Louis--MO--US_R-284868,Mastercard,"Platform Engineering Intern, Summer 2027 – St. Louis, MO, US",Summer 2027,False,,Internship,,Systems & Cloud Infra,"O'Fallon, Missouri",unknown,,$25–$30/hr,AWS; GCP; Azure; Kubernetes; Docker; Terraform; Linux,2026-09-01T00:00:00Z,date_only,2026-09-01T16:50:53Z,https://mastercard.wd1.myworkdayjobs.com/Campus/job/OFallon-Missouri/Platform-Engineering-Intern--Summer-2027---St-Louis--MO--US_R-284868
workday:mastercard:/job/OFallon-Missouri/Platform-Engineering-Intern--Summer-2027---St-Louis--MO--US_R-284873,Mastercard,"Platform Engineering Intern, Summer 2027 – St. Louis, MO, US",Summer 2027,False,,Internship,,Systems & Cloud Infra,"O'Fallon, Missouri",unknown,,$25–$30/hr,SQL; LLMs; PostgreSQL; MongoDB; Redis,2026-09-01T00:00:00Z,date_only,2026-09-01T21:15:28Z,https://mastercard.wd1.myworkdayjobs.com/Campus/job/OFallon-Missouri/Platform-Engineering-Intern--Summer-2027---St-Louis--MO--US_R-284873
workday:ngc:/job/United-States-Colorado-Boulder/XMLNAME-2027-Cybersecurity-Analyst-Intern----Boulder-CO_R10248677,Northrop Grumman,2027 Cybersecurity Analyst Intern -  Boulder CO,Summer 2027,False,,Internship,,Security (general),United States-Colorado-Boulder,citizens-only,,$22.25–$27.25/hr,,2026-09-01T00:00:00Z,date_only,2026-09-01T16:50:53Z,https://ngc.wd1.myworkdayjobs.com/Northrop_Grumman_External_Site/job/United-States-Colorado-Boulder/XMLNAME-2027-Cybersecurity-Analyst-Intern----Boulder-CO_R10248677
workday:ngc:/job/United-States-Oklahoma-Oklahoma-City/XMLNAME-2027-Intern---Systems-Engineering_R10248653,Northrop Grumman,2027 Intern - Systems Engineering,Summer 2027,False,,Internship,,Systems & Cloud Infra,United States-Oklahoma-Oklahoma City,citizens-only,,$17.5–$31.75/hr,,2026-09-01T00:00:00Z,date_only,2026-09-01T16:50:53Z,https://ngc.wd1.myworkdayjobs.com/Northrop_Grumman_External_Site/job/United-States-Oklahoma-Oklahoma-City/XMLNAME-2027-Intern---Systems-Engineering_R10248653
workday:niagarawater:/job/Corp-Main---Diamond-Bar-CA/IT-Intern_R56349,Niagara Bottling,IT Intern,Not stated,True,,Internship,,IT Support / Ops,"Corp-Main - Diamond Bar, CA",unknown,104,,,2026-09-01T00:00:00Z,date_only,2026-09-01T16:50:53Z,https://niagarawater.wd5.myworkdayjobs.com/niagara/job/Corp-Main---Diamond-Bar-CA/IT-Intern_R56349
workday:ntrs:/job/Chicago-IL/Technology-Intern---Information-Security_R160869-1,Northern Trust,Technology Intern – Information Security,Not stated,True,,Internship,,Security (general),"Chicago, IL",no-sponsorship,144,,Python; Java; SQL; Bash; LLMs; Azure,2026-09-01T00:00:00Z,date_only,2026-09-01T21:15:28Z,https://ntrs.wd1.myworkdayjobs.com/northerntrust/job/Chicago-IL/Technology-Intern---Information-Security_R160869-1
workday:ntrs:/job/Chicago-IL/Technology-Intern---Infrastructure-and-IT-Management_R160872-1,Northern Trust,Technology Intern – Infrastructure and IT Management,Not stated,True,,Internship,,Systems & Cloud Infra,"Chicago, IL",no-sponsorship,144,,Bash; LLMs,2026-09-01T00:00:00Z,date_only,2026-09-01T21:15:28Z,https://ntrs.wd1.myworkdayjobs.com/northerntrust/job/Chicago-IL/Technology-Intern---Infrastructure-and-IT-Management_R160872-1
workday:saabusa:/job/East-Syracuse-NY-Collamer/Systems-Engineering-Co-Op--Spring---Summer-2027-_R-03226-1,Saab,Systems Engineering Co-Op (Spring - Summer 2027),Summer 2027,False,,Co-op,,Systems & Cloud Infra,"East Syracuse, NY (Collamer)",citizens-only,,$20.27–$22.3/hr,Java; C++; MATLAB; Linux,2026-09-01T00:00:00Z,date_only,2026-09-01T16:50:53Z,https://saabusa.wd1.myworkdayjobs.com/saab_careers/job/East-Syracuse-NY-Collamer/Systems-Engineering-Co-Op--Spring---Summer-2027-_R-03226-1
workday:saabusa:/job/East-Syracuse-NY-Collamer/Systems-Engineering-Co-Op--Spring---Summer-2027-_R-03230-1,Saab,Systems Engineering Co-Op (Spring - Summer 2027),Summer 2027,False,,Co-op,,Systems & Cloud Infra,"East Syracuse, NY (Collamer)",citizens-only,,$20.27–$22.3/hr,Python; Java; C#; SQL; HTML/CSS; Linux,2026-09-01T00:00:00Z,date_only,2026-09-01T21:15:28Z,https://saabusa.wd1.myworkdayjobs.com/saab_careers/job/East-Syracuse-NY-Collamer/Systems-Engineering-Co-Op--Spring---Summer-2027-_R-03230-1
workday:saabusa:/job/East-Syracuse-NY-Collamer/Systems-Engineering-Co-Op--Summer-2027-_R-03231-1,Saab,Systems Engineering Co-Op (Summer 2027),Summer 2027,False,,Co-op,,Systems & Cloud Infra,"East Syracuse, NY (Collamer)",citizens-only,,$20.27–$22.3/hr,Python; Java; C#; SQL; HTML/CSS; Linux,2026-09-01T00:00:00Z,date_only,2026-09-01T21:15:28Z,https://saabusa.wd1.myworkdayjobs.com/saab_careers/job/East-Syracuse-NY-Collamer/Systems-Engineering-Co-Op--Summer-2027-_R-03231-1
workday:tencent:/job/US-California-Los-Angeles/Tencent-Cloud-CPaaS-Product-Management-Intern_R108020,Tencent,Tencent Cloud CPaaS Product Management Intern,Not stated,True,,Internship,,Cloud Platform,US-California-Los Angeles,unknown,,$27.12–$51.93/hr,,2026-09-01T00:00:00Z,date_only,2026-09-01T21:15:28Z,https://tencent.wd1.myworkdayjobs.com/Tencent_Careers/job/US-California-Los-Angeles/Tencent-Cloud-CPaaS-Product-Management-Intern_R108020
workday:tencent:/job/US-California-Palo-Alto/Tencent-Cloud-CPaaS-Product-Management-Intern_R108019,Tencent,Tencent Cloud CPaaS Product Management Intern,Not stated,True,,Internship,,Cloud Platform,US-California-Palo Alto,unknown,,$27.12–$51.93/hr,,2026-09-01T00:00:00Z,date_only,2026-09-01T21:15:28Z,https://tencent.wd1.myworkdayjobs.com/Tencent_Careers/job/US-California-Palo-Alto/Tencent-Cloud-CPaaS-Product-Management-Intern_R108019
workday:vanguard:/job/DallasFt-Worth-TX/College-to-Corporate-IT-Internship---Application-Development---TX-_181846,Vanguard,College to Corporate IT Internship - Application Development  (TX),Summer 2027,False,,Internship,,Other,"Dallas/Ft. Worth, TX",no-sponsorship,,,Python; Java; JavaScript,2026-09-01T00:00:00Z,date_only,2026-09-01T16:50:53Z,https://vanguard.wd5.myworkdayjobs.com/vanguard_external/job/DallasFt-Worth-TX/College-to-Corporate-IT-Internship---Application-Development---TX-_181846
workday:altera:/job/San-Jose-California-United-States/Graduate-Intern---Engineering-Infrastructure_R03066,Altera Corporation,Graduate Intern - Engineering Infrastructure,Not stated,True,,Internship,,Systems & Cloud Infra,"San Jose, California, United States",unknown,,,Python; Bash; AWS; Terraform; Linux,2026-09-01T00:00:00Z,date_only,2026-09-02T04:39:05Z,https://altera.wd1.myworkdayjobs.com/altera/job/San-Jose-California-United-States/Graduate-Intern---Engineering-Infrastructure_R03066
workday:armaninollp:/job/Austin-Texas/Summer-2027-IT-Audit-Intern--Austin-_JR104287,Armanino,Summer 2027 IT Audit Intern (Austin),Summer 2027,False,,Internship,,GRC / Risk,"Austin, Texas",unknown,21,,,2026-09-01T00:00:00Z,date_only,2026-09-02T04:39:05Z,https://armaninollp.wd1.myworkdayjobs.com/Armanino/job/Austin-Texas/Summer-2027-IT-Audit-Intern--Austin-_JR104287
workday:armaninollp:/job/Denver-Colorado/Summer-2027-IT-Audit-Intern_JR104282,Armanino,Summer 2027 IT Audit Intern (Denver),Summer 2027,False,,Internship,,GRC / Risk,"Denver, Colorado",unknown,21,$33/hr,,2026-09-01T00:00:00Z,date_only,2026-09-02T04:39:05Z,https://armaninollp.wd1.myworkdayjobs.com/Armanino/job/Denver-Colorado/Summer-2027-IT-Audit-Intern_JR104282
workday:armaninollp:/job/St-Louis-Missouri/Summer-2027-IT-Audit-Intern--Denver-_JR104283,Armanino,Summer 2027 IT Audit Intern (Saint Louis),Summer 2027,False,,Internship,,GRC / Risk,"St. Louis, Missouri",unknown,21,,,2026-09-01T00:00:00Z,date_only,2026-09-02T04:39:05Z,https://armaninollp.wd1.myworkdayjobs.com/Armanino/job/St-Louis-Missouri/Summer-2027-IT-Audit-Intern--Denver-_JR104283
workday:armaninollp:/job/Dallas-Texas/Summer-2027-IT-Audit-Intern--Dallas-_JR104286,Armanino,Summer 2027 IT Audit Intern (Dallas),Summer 2027,False,,Internship,,GRC / Risk,"Dallas, Texas",unknown,21,,,2026-09-01T00:00:00Z,date_only,2026-09-02T04:39:05Z,https://armaninollp.wd1.myworkdayjobs.com/Armanino/job/Dallas-Texas/Summer-2027-IT-Audit-Intern--Dallas-_JR104286
workday:rockwellautomation:/job/Mayfield-Heights-Ohio-United-States/Intern--Cyber-Professional-Services--LCS-_R26-5042-2,Rockwell Automation,"Intern, Cyber Professional Services (LCS)",Not stated,True,,Internship,,Security (general),"Mayfield Heights, Ohio, United States",no-sponsorship,90,,,2026-09-01T00:00:00Z,date_only,2026-09-02T04:39:05Z,https://rockwellautomation.wd1.myworkdayjobs.com/External_Rockwell_Automation/job/Mayfield-Heights-Ohio-United-States/Intern--Cyber-Professional-Services--LCS-_R26-5042-2
workday:globalhr:/job/US-IA-CEDAR-RAPIDS-137--855-35Th-St-NE--BLDG-137/Systems-Engineering-Intern--Summer-2027----Onsite_01869961,RTX,Systems Engineering Intern (Summer 2027) - Onsite,Summer 2027,False,,Internship,,Systems & Cloud Infra,US-IA-CEDAR RAPIDS-137 ~ 855 35Th St NE ~ BLDG 137,citizens-only,,,Python,2026-09-01T00:00:00Z,date_only,2026-09-02T04:39:05Z,https://globalhr.wd5.myworkdayjobs.com/rec_rtx_ext_gateway/job/US-IA-CEDAR-RAPIDS-137--855-35Th-St-NE--BLDG-137/Systems-Engineering-Intern--Summer-2027----Onsite_01869961
greenhouse:awetomaton:5394046008,Awetomaton,Platform Engineering Intern,Summer 2027,False,,Internship,,Systems & Cloud Infra,"Beavercreek, OH",citizens-only,,,Python; Java; AWS; GCP; Azure; Kubernetes; Docker; Terraform,2026-08-31T10:11:45-04:00,exact,2026-08-31T21:05:14Z,https://job-boards.greenhouse.io/awetomaton/jobs/5394046008
greenhouse:awetomaton:5394074008,Awetomaton,IT Intern,Summer 2027,False,,Internship,,IT Support / Ops,"Beavercreek, OH",citizens-only,,,Python; Bash; AWS; GCP; Azure; Kubernetes; Docker; Terraform,2026-08-31T10:11:11-04:00,exact,2026-08-31T21:05:14Z,https://job-boards.greenhouse.io/awetomaton/jobs/5394074008
greenhouse:hpiq:6116398004,HP IQ,"Software Engineering Intern, Product Security (Summer 2027)",Summer 2027,False,,Internship,,AppSec / Product Sec,"San Francisco, CA",unknown,,$45–$51/hr,Python; Java; C++,2026-08-31T15:22:01-04:00,exact,2026-08-31T21:05:14Z,https://job-boards.greenhouse.io/hpiq/jobs/6116398004
greenhouse:olsson:5395994008,Olsson,Electrical Engineering Internship - Data Center Facilities,Summer 2027,False,,Internship,,Systems & Cloud Infra,"Fort Worth, TX; North Kansas City, MO; Omaha, NE",unknown,2,,,2026-08-31T17:15:00-04:00,exact,2026-09-01T00:51:38Z,https://job-boards.greenhouse.io/olsson/jobs/5395994008
greenhouse:olsson:5396012008,Olsson,Mechanical Engineering Internship - Data Center Facilities,Summer 2027,False,,Internship,,Systems & Cloud Infra,"Dallas, TX; Fort Worth, TX; North Kansas City, MO; Omaha, NE; Tulsa, OK",unknown,2,,,2026-08-31T17:00:00-04:00,exact,2026-09-01T00:51:38Z,https://job-boards.greenhouse.io/olsson/jobs/5396012008
greenhouse:olsson:5396073008,Olsson,Structural Engineering Internship - Federal Infrastructure,Summer 2027,False,,Internship,,Systems & Cloud Infra,"Overland Park, KS",unknown,2,,,2026-08-31T17:00:00-04:00,exact,2026-09-01T00:51:38Z,https://job-boards.greenhouse.io/olsson/jobs/5396073008
greenhouse:olsson:5396095008,Olsson,Mechanical Engineering Internship - Federal Infrastructure,Summer 2027,False,,Internship,,Systems & Cloud Infra,"Overland Park, KS",unknown,2,,,2026-08-31T17:00:00-04:00,exact,2026-09-01T00:51:38Z,https://job-boards.greenhouse.io/olsson/jobs/5396095008
greenhouse:olsson:5396116008,Olsson,Civil Engineering Internship - Federal Infrastructure Site Design,Summer 2027,False,,Internship,,Systems & Cloud Infra,"North Kansas City, MO",unknown,2,,,2026-08-31T17:00:00-04:00,exact,2026-09-01T00:51:38Z,https://job-boards.greenhouse.io/olsson/jobs/5396116008
greenhouse:olsson:5396125008,Olsson,Electrical Engineering Internship - Federal Infrastructure,Summer 2027,False,,Internship,,Systems & Cloud Infra,"North Kansas City, MO; Overland Park, KS",unknown,2,,,2026-08-31T17:00:00-04:00,exact,2026-09-01T00:51:38Z,https://job-boards.greenhouse.io/olsson/jobs/5396125008
oracle:ehzq.fa.us2.oraclecloud.com:115639,Grant Thornton,Cybersecurity and Privacy Intern - Summer 2027,Summer 2027,False,,Internship,,Security (general),"Charlotte, NC, United States",no-sponsorship,118,,,2026-08-31,date_only,2026-08-31T21:05:14Z,https://ehzq.fa.us2.oraclecloud.com/hcmUI/CandidateExperience/en/sites/CX_1/job/115639
workday:3m:/job/US-Minnesota-Maplewood/Internship---2027-Undergraduate-IT-Intern_R01170403-1,3M,Internship - 2027 Undergraduate IT Intern,Summer 2027,False,,Internship,,IT Support / Ops,"US, Minnesota, Maplewood",citizens-only,58,,Python; SQL; Snowflake,2026-08-31T00:00:00Z,date_only,2026-08-31T21:05:14Z,https://3m.wd1.myworkdayjobs.com/Search/job/US-Minnesota-Maplewood/Internship---2027-Undergraduate-IT-Intern_R01170403-1
workday:dukeenergy:/job/Charlotte-NC/Digital-Forensics-Summer-Intern---2027_R41195,Duke Energy,Digital Forensics Summer Intern - 2027,Summer 2027,False,,Internship,,SOC / Detection,"Charlotte, NC",unknown,,,,2026-08-31T00:00:00Z,date_only,2026-08-31T21:05:14Z,https://dukeenergy.wd1.myworkdayjobs.com/search/job/Charlotte-NC/Digital-Forensics-Summer-Intern---2027_R41195
workday:elanco:/job/Indianapolis-IN/Junior-IT-Engineer---Information-Technology-Intern--Summer-2027-_R0026986-1,Elanco,Junior IT Engineer – Information Technology Intern (Summer 2027),Summer 2027,False,,Internship,,Other,"Indianapolis, IN",unknown,,$20–$40/hr,,2026-08-31T00:00:00Z,date_only,2026-08-31T21:05:14Z,https://elanco.wd5.myworkdayjobs.com/External_Career/job/Indianapolis-IN/Junior-IT-Engineer---Information-Technology-Intern--Summer-2027-_R0026986-1
workday:globalhr:/job/US-IA-CEDAR-RAPIDS-166--855-35Th-St-NE--BLDG-166/Cyber-Engineering-Intern--Summer-2027-_01871278,RTX,Cyber Engineering Intern (Summer 2027),Summer 2027,False,,Internship,,Security (general),US-IA-CEDAR RAPIDS-166 ~ 855 35Th St NE ~ BLDG 166,citizens-only,,,Python; C++,2026-08-31T00:00:00Z,date_only,2026-08-31T21:05:14Z,https://globalhr.wd5.myworkdayjobs.com/Private_Posting_No_TMP/job/US-IA-CEDAR-RAPIDS-166--855-35Th-St-NE--BLDG-166/Cyber-Engineering-Intern--Summer-2027-_01871278
workday:hcmportal:/job/US---UPS-TECHNOLOGY-HEADQUARTERS--DATACENTER-NJRAR/UPS-Information-Security-Summer-2027-Internship---NJ_R26029761,United Parcel Service (UPS),UPS Information Security Summer 2027 Internship - NJ,Summer 2027,False,,Internship,,Security (general),US - UPS TECHNOLOGY HEADQUARTERS & DATACENTER (NJRAR),citizens-only,,$13.35/hr,Python; Java; C++; SQL; HTML/CSS; Azure; Linux,2026-08-31T00:00:00Z,date_only,2026-08-31T21:05:14Z,https://hcmportal.wd5.myworkdayjobs.com/Search/job/US---UPS-TECHNOLOGY-HEADQUARTERS--DATACENTER-NJRAR/UPS-Information-Security-Summer-2027-Internship---NJ_R26029761
workday:leidos:/job/6314-RemoteTeleworker-US/SharePoint---Systems-Engineering-Intern_R-00190982,Leidos,SharePoint & Systems Engineering Intern,Summer 2027,False,,Internship,yes,Systems & Cloud Infra,6314 Remote/Teleworker US,citizens-only,79,,,2026-08-31T00:00:00Z,date_only,2026-08-31T21:05:14Z,https://leidos.wd5.myworkdayjobs.com/External/job/6314-RemoteTeleworker-US/SharePoint---Systems-Engineering-Intern_R-00190982
workday:mastercard:/job/OFallon-Missouri/Platform-Engineering-Intern--Summer-2027---St-Louis--MO--US_R-284875,Mastercard,"Platform Engineering Intern, Summer 2027 – St. Louis, MO, US",Summer 2027,False,,Internship,,Systems & Cloud Infra,"O'Fallon, Missouri",unknown,,$25–$30/hr,Python; Terraform; Linux; Git,2026-08-31T00:00:00Z,date_only,2026-08-31T21:05:14Z,https://mastercard.wd1.myworkdayjobs.com/Campus/job/OFallon-Missouri/Platform-Engineering-Intern--Summer-2027---St-Louis--MO--US_R-284875
workday:micron:/job/Austin-TX/Intern---AI-Systems-and-Infrastructure-Engineering_JR109990,Micron Technology,Intern - AI Systems and Infrastructure Engineering,Not stated,True,,Internship,,Systems & Cloud Infra,"Austin, TX",unknown,489,,Python; C++; PyTorch; LLMs; CUDA; Linux,2026-08-31T00:00:00Z,date_only,2026-08-31T21:05:14Z,https://micron.wd1.myworkdayjobs.com/External/job/Austin-TX/Intern---AI-Systems-and-Infrastructure-Engineering_JR109990
workday:nebraskablue:/job/Omaha-NE/Cyber-Intern--Summer-2027_JR101407,BlueCross BlueShield of Nebraska,Cyber Intern: Summer 2027,Summer 2027,False,,Internship,,Security (general),"Omaha, NE",unknown,,,Azure,2026-08-31T00:00:00Z,date_only,2026-09-01T16:50:53Z,https://nebraskablue.wd1.myworkdayjobs.com/BCBSNE/job/Omaha-NE/Cyber-Intern--Summer-2027_JR101407
workday:ngc:/job/United-States-Colorado-Aurora/XMLNAME-2026-Part-Time-Cyber-Security-Engineering-Intern---Aurora-CO_R10248520,Northrop Grumman,2026 Part-Time Cyber Security Engineering Intern - Aurora CO,Fall 2026,False,,Internship,,Security (general),United States-Colorado-Aurora,citizens-only,,$20.5–$38/hr,,2026-08-31T00:00:00Z,date_only,2026-08-31T21:05:14Z,https://ngc.wd1.myworkdayjobs.com/Northrop_Grumman_External_Site/job/United-States-Colorado-Aurora/XMLNAME-2026-Part-Time-Cyber-Security-Engineering-Intern---Aurora-CO_R10248520
workday:ngc:/job/United-States-Utah-Roy/XMLNAME-2027-Systems-Engineering-Intern--Roy-UT_R10248475,Northrop Grumman,2027 Systems Engineering Intern- Roy UT,Summer 2027,False,,Internship,,Systems & Cloud Infra,United States-Utah-Roy,citizens-only,,$23–$29/hr,,2026-08-31T00:00:00Z,date_only,2026-08-31T21:05:14Z,https://ngc.wd1.myworkdayjobs.com/Northrop_Grumman_External_Site/job/United-States-Utah-Roy/XMLNAME-2027-Systems-Engineering-Intern--Roy-UT_R10248475
workday:oshkoshcorporation:/job/Dodge-Center-Minnesota-United-States/Digital-Technology-Intern---Systems-Analyst--Summer-2027-_R49791,Oshkosh,Digital Technology Intern - Systems Analyst (Summer 2027),Summer 2027,False,,Internship,,Systems & Cloud Infra,"Dodge Center, Minnesota, United States",unknown,2,,,2026-08-31T00:00:00Z,date_only,2026-08-31T21:05:14Z,https://oshkoshcorporation.wd5.myworkdayjobs.com/Oshkosh/job/Dodge-Center-Minnesota-United-States/Digital-Technology-Intern---Systems-Analyst--Summer-2027-_R49791
workday:vanguard:/job/DallasFt-Worth-TX/College-to-Corporate-IT-Internship---Risk---Security---Engineer_181851,Vanguard,College to Corporate IT Internship - Risk & Security - Engineer,Summer 2027,False,,Internship,,Security (general),"Dallas/Ft. Worth, TX",unknown,,,,2026-08-31T00:00:00Z,date_only,2026-08-31T21:05:14Z,https://vanguard.wd5.myworkdayjobs.com/vanguard_external/job/DallasFt-Worth-TX/College-to-Corporate-IT-Internship---Risk---Security---Engineer_181851
workday:xcelenergy:/job/Denver-CO-80205/IT-Infrastructure-Intern---CO_JR115917,Xcel Energy,IT Infrastructure Intern - CO,Fall 2026,False,,Internship,,Systems & Cloud Infra,"Denver, CO, 80205",unknown,,$17.4–$22.1/hr,Python,2026-08-31T00:00:00Z,date_only,2026-08-31T21:05:14Z,https://xcelenergy.wd1.myworkdayjobs.com/External/job/Denver-CO-80205/IT-Infrastructure-Intern---CO_JR115917
workday:brookfield:/job/Chicago-Illinois/IT-Intern--Summer-Internship-6-7-2027---8-13-2027-_R2052380-1,Brookfield Properties,IT Intern (Summer Internship 6/7/2027 - 8/13/2027),Summer 2027,False,,Internship,,IT Support / Ops,"Chicago, Illinois",unknown,,,,2026-08-30T00:00:00Z,date_only,2026-08-30T23:43:01Z,https://brookfield.wd5.myworkdayjobs.com/brookfieldproperties/job/Chicago-Illinois/IT-Intern--Summer-Internship-6-7-2027---8-13-2027-_R2052380-1
workday:equifax:/job/USA---Missouri---St-Louis---Lackland/Site-Reliability-Engineer-Intern_J00178674,Equifax,Site Reliability Engineer Intern,Summer 2027,False,,Internship,,Systems & Cloud Infra,USA - Missouri - St. Louis - Lackland,unknown,378,,Python; Java; GCP,2026-08-30T00:00:00Z,date_only,2026-08-30T23:43:01Z,https://equifax.wd5.myworkdayjobs.com/UR_External/job/USA---Missouri---St-Louis---Lackland/Site-Reliability-Engineer-Intern_J00178674
greenhouse:charlesriverassociates:8128811,Charles River Associates (CRA),(2028 Bachelor's/Master's graduates) Cyber and Forensic Technology Consulting Analyst/Associate Intern (Summer 2027),Summer 2027,False,,Internship,,Security (general),"Boston, MA, United States; Chicago, IL, United States; Dallas, Texas, United States; Washington, DC, United States",unknown,,$30–$37.5/hr,Python; C#; SQL,2026-08-28T11:19:51-04:00,exact,2026-08-28T22:52:11Z,https://job-boards.greenhouse.io/charlesriverassociates/jobs/8128811
oracle:hdhl.fa.us6.oraclecloud.com:1007361,Stantec,Roadway Design Intern - Infrastructure (Summer 2027),Summer 2027,False,,Internship,,Systems & Cloud Infra,"Raleigh, NC, United States",unknown,,,,2026-08-28,date_only,2026-08-28T22:52:11Z,https://hdhl.fa.us6.oraclecloud.com/hcmUI/CandidateExperience/en/sites/CX_1/job/1007361
workday:bah:/job/Atlanta-GA/University---2027-Summer-Games-Cyber-Security-Intern---Atlanta--GA_R0248139,Booz Allen,"University - 2027 Summer Games Cyber Security Intern - Atlanta, GA",Summer 2027,False,,Internship,,Security (general),"Atlanta, GA",citizens-only,,$108k/yr,Linux,2026-08-28T00:00:00Z,date_only,2026-09-01T21:15:28Z,https://bah.wd1.myworkdayjobs.com/bah_jobs/job/Atlanta-GA/University---2027-Summer-Games-Cyber-Security-Intern---Atlanta--GA_R0248139
workday:bah:/job/Charleston-SC/University---2027-Summer-Games-Cyber-Security-Intern---Charleston--SC_R0248136,Booz Allen,"University - 2027 Summer Games Cyber Security Intern - Charleston, SC",Summer 2027,False,,Internship,,Security (general),"Charleston, SC",citizens-only,,$108k/yr,Linux,2026-08-28T00:00:00Z,date_only,2026-09-01T21:15:28Z,https://bah.wd1.myworkdayjobs.com/bah_jobs/job/Charleston-SC/University---2027-Summer-Games-Cyber-Security-Intern---Charleston--SC_R0248136
workday:bah:/job/Colorado-Springs-CO/University--2027-Summer-Games-Cybersecurity-Intern_R0248131,Booz Allen,"University, 2027 Summer Games Cyber Security Intern",Summer 2027,False,,Internship,,Security (general),"Colorado Springs, CO",citizens-only,,$108k/yr,Linux,2026-08-28T00:00:00Z,date_only,2026-09-01T21:15:28Z,https://bah.wd1.myworkdayjobs.com/bah_jobs/job/Colorado-Springs-CO/University--2027-Summer-Games-Cybersecurity-Intern_R0248131
workday:bah:/job/McLean-VA/University---Summer-27--Cybersecurity-Analyst-Intern_R0248214,Booz Allen,"University – Summer 27, Cybersecurity Analyst Intern",Not stated,True,,Internship,,Security (general),"McLean, VA",citizens-only,,$108k/yr,Python; Java; C++; JavaScript; Bash,2026-08-28T00:00:00Z,date_only,2026-09-01T21:15:28Z,https://bah.wd1.myworkdayjobs.com/bah_jobs/job/McLean-VA/University---Summer-27--Cybersecurity-Analyst-Intern_R0248214
workday:bah:/job/Rome-NY/University--2027-Summer-Games-Cyber-Security-Intern_R0248142,Booz Allen,"University, 2027 Summer Games Cyber Security Intern",Summer 2027,False,,Internship,,Security (general),"Rome, NY",citizens-only,,$108k/yr,Linux,2026-08-28T00:00:00Z,date_only,2026-09-01T21:15:28Z,https://bah.wd1.myworkdayjobs.com/bah_jobs/job/Rome-NY/University--2027-Summer-Games-Cyber-Security-Intern_R0248142
workday:conagrabrands:/job/Omaha-Nebraska/Cybersecurity-Internship---Summer-2027_Req-039965,Conagra Brands,Cybersecurity Internship - Summer 2027,Summer 2027,False,,Internship,,Security (general),"Omaha, Nebraska",unknown,14,$23/hr,,2026-08-28T00:00:00Z,date_only,2026-08-28T22:52:11Z,https://conagrabrands.wd1.myworkdayjobs.com/Careers_US/job/Omaha-Nebraska/Cybersecurity-Internship---Summer-2027_Req-039965
workday:globalhr:/job/US-IA-CEDAR-RAPIDS-193--1120-Collins-Rd-NE--BLDG193/Intern---Systems-Engineer--Onsite-_01868046,RTX,Intern - Systems Engineer (Onsite),Not stated,True,,Internship,,Systems & Cloud Infra,US-IA-CEDAR RAPIDS-193 ~ 1120 Collins Rd NE ~ BLDG193,citizens-only,,,,2026-08-28T00:00:00Z,date_only,2026-08-28T12:27:10Z,https://globalhr.wd5.myworkdayjobs.com/Private_Posting_No_TMP/job/US-IA-CEDAR-RAPIDS-193--1120-Collins-Rd-NE--BLDG193/Intern---Systems-Engineer--Onsite-_01868046
workday:tiaa:/job/New-York-NY-USA/Churchill-Summer-Internship--Investment-Infrastructure---Technology--IIT-_R260800515-1,TIAA,Churchill Summer Internship: Investment Infrastructure & Technology (IIT),Not stated,True,,Internship,,Systems & Cloud Infra,"New York, NY, USA",unknown,,$30/hr,Python; SQL; Git,2026-08-28T00:00:00Z,date_only,2026-08-28T22:52:11Z,https://tiaa.wd1.myworkdayjobs.com/Search/job/New-York-NY-USA/Churchill-Summer-Internship--Investment-Infrastructure---Technology--IIT-_R260800515-1
amazon:amazon:10517649,Amazon,"Cloud Hardware Development Engineer Intern, Annapurna Labs - 2027",Summer 2027,False,,Internship,,Cloud Platform,"Austin, Texas, USA",unknown,23139,,Python; Verilog,2026-08-27T00:00:00Z,date_only,2026-08-28T00:40:43Z,https://www.amazon.jobs/en/jobs/10517649/cloud-hardware-development-engineer-intern-annapurna-labs-2027
lever:reply:7bb0afb0-cea1-4e7a-b51e-1c529f37d843,Reply,Social Network Intern,Not stated,True,,Internship,,Network / Telecom,"Chicago, Illinois",unknown,,$15/hr,LLMs,2026-08-27T15:53:49Z,exact,2026-08-28T00:40:43Z,https://jobs.lever.co/reply/7bb0afb0-cea1-4e7a-b51e-1c529f37d843
oracle:ehzq.fa.us2.oraclecloud.com:115640,Grant Thornton,Cybersecurity and Privacy Intern - Summer 2027,Summer 2027,False,,Internship,,Security (general),"Chicago, IL, United States",no-sponsorship,118,$37/hr,,2026-08-27,date_only,2026-08-28T00:40:43Z,https://ehzq.fa.us2.oraclecloud.com/hcmUI/CandidateExperience/en/sites/CX_1/job/115640
smartrecruiters:AbbVie:3743990014896329,AbbVie,2027 Business Technology Solutions Intern - Cybersecurity (Undergraduate),Summer 2027,False,,Internship,,Security (general),"North Chicago, IL, United States (Hybrid)",unknown,303,,Python; Java; C#; JavaScript; HTML/CSS; AWS; GCP; Azure,2026-08-27T16:13:39.930Z,exact,2026-08-28T00:40:43Z,https://jobs.smartrecruiters.com/AbbVie/3743990014896329
smartrecruiters:AbbVie:3743990014900496,AbbVie,2027 Business Technology Solutions Intern - Cybersecurity (Undergraduate),Summer 2027,False,,Internship,,Security (general),"Irvine, CA, United States (Hybrid)",unknown,303,,Python; Java; C#; JavaScript; HTML/CSS; AWS; GCP; Azure,2026-08-27T17:33:14.955Z,exact,2026-08-28T00:40:43Z,https://jobs.smartrecruiters.com/AbbVie/3743990014900496
smartrecruiters:AbbVie:3743990014900536,AbbVie,2027 Business Technology Solutions Intern - Cybersecurity (Undergraduate),Summer 2027,False,,Internship,,Security (general),"South San Francisco, CA, United States (Hybrid)",unknown,303,,Python; Java; C#; JavaScript; HTML/CSS; AWS; GCP; Azure,2026-08-27T17:33:44.657Z,exact,2026-08-28T00:40:43Z,https://jobs.smartrecruiters.com/AbbVie/3743990014900536
workday:airproducts:/job/Allentown-Pennsylvania/Summer-Intern--IT---Cyber-Audit--2027-_JR-2026-21954,Air Products,Summer Intern- IT & Cyber Audit (2027),Summer 2027,False,,Internship,,Security (general),"Allentown, Pennsylvania",unknown,,,,2026-08-27T00:00:00Z,date_only,2026-08-28T00:40:43Z,https://airproducts.wd5.myworkdayjobs.com/AP0001/job/Allentown-Pennsylvania/Summer-Intern--IT---Cyber-Audit--2027-_JR-2026-21954
workday:amainc:/job/Remote---California/Remote-Aeronautics-Systems-Engineering-Intern_R-100747,Analytical Mechanics Associates,Remote Aeronautics Systems Engineering Intern,Not stated,True,,Internship,yes,Systems & Cloud Infra,Remote - California,unknown,4,$29.5–$33.5/hr,,2026-08-27T00:00:00Z,date_only,2026-08-28T00:40:43Z,https://amainc.wd12.myworkdayjobs.com/ama_careers/job/Remote---California/Remote-Aeronautics-Systems-Engineering-Intern_R-100747
workday:andersen:/job/Oak-Park-Heights-MN/IT-Intern_R-8116,Andersen Corporation,IT Intern,Not stated,True,,Internship,,IT Support / Ops,"Oak Park Heights, MN",unknown,11,,,2026-08-27T00:00:00Z,date_only,2026-08-28T22:52:11Z,https://andersen.wd12.myworkdayjobs.com/Andersen_External_Career_Site/job/Oak-Park-Heights-MN/IT-Intern_R-8116
workday:bah:/job/El-Segundo-CA/University---2027-Summer-Games-Cyber-Security-Intern---El-Segundo--CA_R0248047,Booz Allen,University - 2027 Summer Games Cyber Security Intern,Summer 2027,False,,Internship,,Security (general),"El Segundo, CA",citizens-only,,$108k/yr,Linux,2026-08-27T00:00:00Z,date_only,2026-09-01T21:15:28Z,https://bah.wd1.myworkdayjobs.com/bah_jobs/job/El-Segundo-CA/University---2027-Summer-Games-Cyber-Security-Intern---El-Segundo--CA_R0248047
workday:bah:/job/McLean-VA/University---2027-Summer-Games-Cyber-Security-Intern---McLean--VA_R0248034,Booz Allen,"University - 2027 Summer Games Cyber Security Intern - McLean, VA",Summer 2027,False,,Internship,,Security (general),"McLean, VA",citizens-only,,$108k/yr,Linux,2026-08-27T00:00:00Z,date_only,2026-09-01T21:15:28Z,https://bah.wd1.myworkdayjobs.com/bah_jobs/job/McLean-VA/University---2027-Summer-Games-Cyber-Security-Intern---McLean--VA_R0248034
workday:bah:/job/San-Diego-CA/University--2027-Summer-Games-Cyber-Security-Intern_R0248043,Booz Allen,"University, 2027 Summer Games Cyber Security Intern",Summer 2027,False,,Internship,,Security (general),"San Diego, CA",citizens-only,,$108k/yr,Linux,2026-08-27T00:00:00Z,date_only,2026-09-01T21:15:28Z,https://bah.wd1.myworkdayjobs.com/bah_jobs/job/San-Diego-CA/University--2027-Summer-Games-Cyber-Security-Intern_R0248043
workday:cnoinc:/job/Carmel-IN/Artificial-Intelligence--AI--IT-Intern-2027---REMOTE_JR170389,CNO Financial Group,Artificial Intelligence (AI) IT Intern 2027 - REMOTE,Summer 2027,False,,Internship,yes,IT Support / Ops,"Carmel, IN",unknown,,,,2026-08-27T00:00:00Z,date_only,2026-08-28T00:40:43Z,https://cnoinc.wd5.myworkdayjobs.com/Careers/job/Carmel-IN/Artificial-Intelligence--AI--IT-Intern-2027---REMOTE_JR170389
workday:erickson:/job/Catonsville-MD/Intern---IT-Support_R0103105-1,Erickson Senior Living,Intern – IT Support,Not stated,True,,Internship,,IT Support / Ops,"Catonsville, MD",unknown,,,,2026-08-27T00:00:00Z,date_only,2026-08-28T00:40:43Z,https://erickson.wd108.myworkdayjobs.com/external/job/Catonsville-MD/Intern---IT-Support_R0103105-1
workday:globalhr:/job/US-IA-CEDAR-RAPIDS-130--5350-C-Ave-NE--BLDG-130/Systems-Engineer-Intern---Helmet-Displays--Summer-2027----Onsite_01867411,RTX,Systems Engineer Intern - Helmet Displays (Summer 2027) - Onsite,Summer 2027,False,,Internship,,Systems & Cloud Infra,US-IA-CEDAR RAPIDS-130 ~ 5350 C Ave NE ~ BLDG 130,citizens-only,,,Python; C++; MATLAB,2026-08-27T00:00:00Z,date_only,2026-08-28T12:27:10Z,https://globalhr.wd5.myworkdayjobs.com/Private_Posting_No_TMP/job/US-IA-CEDAR-RAPIDS-130--5350-C-Ave-NE--BLDG-130/Systems-Engineer-Intern---Helmet-Displays--Summer-2027----Onsite_01867411
workday:globalhr:/job/US-IA-CEDAR-RAPIDS-192--1205-Continental-Place-NE--BLDG-192/Intern--Systems-Engineer--Onsite-_01868496,RTX,Intern- Systems Engineer (Onsite),Not stated,True,,Internship,,Systems & Cloud Infra,US-IA-CEDAR RAPIDS-192 ~ 1205 Continental Place NE ~ BLDG 192,citizens-only,,,,2026-08-27T00:00:00Z,date_only,2026-08-28T12:27:10Z,https://globalhr.wd5.myworkdayjobs.com/Private_Posting_No_TMP/job/US-IA-CEDAR-RAPIDS-192--1205-Continental-Place-NE--BLDG-192/Intern--Systems-Engineer--Onsite-_01868496
workday:globalhr:/job/US-IA-CEDAR-RAPIDS-192--1205-Continental-Place-NE--BLDG-192/Intern--Systems-Engineer--Onsite-_01868500,RTX,Intern- Systems Engineer (Onsite),Not stated,True,,Internship,,Systems & Cloud Infra,US-IA-CEDAR RAPIDS-192 ~ 1205 Continental Place NE ~ BLDG 192,citizens-only,,,,2026-08-27T00:00:00Z,date_only,2026-08-28T12:27:10Z,https://globalhr.wd5.myworkdayjobs.com/Private_Posting_No_TMP/job/US-IA-CEDAR-RAPIDS-192--1205-Continental-Place-NE--BLDG-192/Intern--Systems-Engineer--Onsite-_01868500
workday:workiva:/job/USA---Remote/Spring---Summer-2027-Intern---Security---GRC_R12353,Workiva,Spring & Summer 2027 Intern - Security & GRC,Summer 2027,False,,Internship,yes,GRC / Risk,USA - Remote,unknown,3,,Python; Java; SQL; AWS; Linux,2026-08-27T00:00:00Z,date_only,2026-08-29T14:44:09Z,https://workiva.wd503.myworkdayjobs.com/careers/job/USA---Remote/Spring---Summer-2027-Intern---Security---GRC_R12353
smartrecruiters:AbbVie:3743990014860211,AbbVie,2027 Business Technology Solutions Intern - Cloud Engineering (Undergraduate),Summer 2027,False,,Internship,,Cloud Platform,"Irvine, CA, United States (Hybrid)",unknown,303,,HTML/CSS; AWS; GCP; Azure; Kubernetes; Docker,2026-08-26T00:53:42.076Z,exact,2026-08-26T02:09:21Z,https://jobs.smartrecruiters.com/AbbVie/3743990014860211
smartrecruiters:AbbVie:3743990014860386,AbbVie,2027 Business Technology Solutions Intern - Cloud Engineering (Undergraduate),Summer 2027,False,,Internship,,Cloud Platform,"North Chicago, IL, United States (Hybrid)",unknown,303,,HTML/CSS; AWS; GCP; Azure; Kubernetes; Docker,2026-08-26T00:53:09.674Z,exact,2026-08-26T02:09:21Z,https://jobs.smartrecruiters.com/AbbVie/3743990014860386
smartrecruiters:AbbVie:3743990014860456,AbbVie,2027 Business Technology Solutions Intern - Cloud Engineering (Undergraduate),Summer 2027,False,,Internship,,Cloud Platform,"South San Francisco, CA, United States (Hybrid)",unknown,303,,HTML/CSS; AWS; GCP; Azure; Kubernetes; Docker,2026-08-26T00:54:24.912Z,exact,2026-08-26T02:09:21Z,https://jobs.smartrecruiters.com/AbbVie/3743990014860456
workday:amainc:/job/Hampton-VA/Aeronautics-Systems-Engineering-Intern_R-100746,Analytical Mechanics Associates,Aeronautics Systems Engineering Intern,Not stated,True,,Internship,,Systems & Cloud Infra,"Hampton, VA",unknown,4,$25–$27.69/hr,,2026-08-26T00:00:00Z,date_only,2026-08-27T01:02:28Z,https://amainc.wd12.myworkdayjobs.com/ama_careers/job/Hampton-VA/Aeronautics-Systems-Engineering-Intern_R-100746
workday:brunswick:/job/Fond-du-Lac-WI/Mercury-Racing-Systems-Engineering-Co-Op_JR-051290,Brunswick,Mercury Racing Systems Engineering Co-Op,Not stated,True,,Co-op,,Systems & Cloud Infra,"Fond du Lac, WI",unknown,54,$18–$27.5/hr,Python; C++; MATLAB,2026-08-26T00:00:00Z,date_only,2026-08-26T20:15:49Z,https://brunswick.wd1.myworkdayjobs.com/search/job/Fond-du-Lac-WI/Mercury-Racing-Systems-Engineering-Co-Op_JR-051290
workday:leidos:/job/Alexandria-VA/Cybersecurity-Analyst-Intern_R-00190671,Leidos,Cybersecurity Analyst Intern,Summer 2027,False,,Internship,,Security (general),"Alexandria, VA",citizens-only,79,,,2026-08-26T00:00:00Z,date_only,2026-08-26T20:15:49Z,https://leidos.wd5.myworkdayjobs.com/External/job/Alexandria-VA/Cybersecurity-Analyst-Intern_R-00190671
workday:leidos:/job/Odenton-MD/Cybersecurity-Analyst-Intern_R-00190663,Leidos,Cybersecurity Analyst Intern,Summer 2027,False,,Internship,,Security (general),"Odenton, MD",citizens-only,79,,Python; Bash; Linux,2026-08-26T00:00:00Z,date_only,2026-08-26T20:15:49Z,https://leidos.wd5.myworkdayjobs.com/External/job/Odenton-MD/Cybersecurity-Analyst-Intern_R-00190663
workday:leidos:/job/Odenton-MD/Systems-Engineering-Intern_R-00190647,Leidos,Systems Engineering Intern,Summer 2027,False,,Internship,,Systems & Cloud Infra,"Odenton, MD",citizens-only,79,,Python; Java; C++; Bash; Docker; Linux,2026-08-26T00:00:00Z,date_only,2026-08-26T20:15:49Z,https://leidos.wd5.myworkdayjobs.com/External/job/Odenton-MD/Systems-Engineering-Intern_R-00190647
workday:leidos:/job/Pearl-Harbor-HI/Cybersecurity-Analyst-Intern_R-00190665,Leidos,Cybersecurity Analyst Intern,Summer 2027,False,,Internship,,Security (general),"Pearl Harbor, HI",citizens-only,79,,Python; Bash; Linux,2026-08-26T00:00:00Z,date_only,2026-08-26T20:15:49Z,https://leidos.wd5.myworkdayjobs.com/External/job/Pearl-Harbor-HI/Cybersecurity-Analyst-Intern_R-00190665
workday:leidos:/job/Shiloh-IL/Cybersecurity-Analyst-Intern_R-00190667,Leidos,Cybersecurity Analyst Intern,Summer 2027,False,,Internship,,Security (general),"Shiloh, IL",citizens-only,79,,Python; Bash; Linux,2026-08-26T00:00:00Z,date_only,2026-08-26T20:15:49Z,https://leidos.wd5.myworkdayjobs.com/External/job/Shiloh-IL/Cybersecurity-Analyst-Intern_R-00190667
workday:leidos:/job/Shiloh-IL/Network-Engineering---Operations-Intern_R-00190662-1,Leidos,Network Engineering & Operations Intern,Summer 2027,False,,Internship,,Network / Telecom,"Shiloh, IL",citizens-only,79,,,2026-08-26T00:00:00Z,date_only,2026-08-26T20:15:49Z,https://leidos.wd5.myworkdayjobs.com/External/job/Shiloh-IL/Network-Engineering---Operations-Intern_R-00190662-1
workday:leidos:/job/Shiloh-IL/Network-Impact-Assessment--NIA--Intern_R-00190652-1,Leidos,Network Impact Assessment (NIA) Intern,Summer 2027,False,,Internship,,Network / Telecom,"Shiloh, IL",citizens-only,79,,,2026-08-26T00:00:00Z,date_only,2026-08-26T20:15:49Z,https://leidos.wd5.myworkdayjobs.com/External/job/Shiloh-IL/Network-Impact-Assessment--NIA--Intern_R-00190652-1
workday:leidos:/job/Shiloh-IL/Network-Operations-Intern_R-00190660,Leidos,Network Operations Intern,Not stated,True,,Internship,,Network / Telecom,"Shiloh, IL",citizens-only,79,,,2026-08-26T00:00:00Z,date_only,2026-08-26T20:15:49Z,https://leidos.wd5.myworkdayjobs.com/External/job/Shiloh-IL/Network-Operations-Intern_R-00190660
workday:leidos:/job/Shiloh-IL/Transport-Network-Engineer-Intern_R-00190655,Leidos,Transport Network Engineer Intern,Summer 2027,False,,Internship,,Network / Telecom,"Shiloh, IL",citizens-only,79,,,2026-08-26T00:00:00Z,date_only,2026-08-26T20:15:49Z,https://leidos.wd5.myworkdayjobs.com/External/job/Shiloh-IL/Transport-Network-Engineer-Intern_R-00190655
workday:leidos:/job/Sunset-UT/Cybersecurity-Analyst-Intern_R-00190664,Leidos,Cybersecurity Analyst Intern,Summer 2027,False,,Internship,,Security (general),"Sunset, UT",citizens-only,79,,Python; Bash; Linux,2026-08-26T00:00:00Z,date_only,2026-08-26T20:15:49Z,https://leidos.wd5.myworkdayjobs.com/External/job/Sunset-UT/Cybersecurity-Analyst-Intern_R-00190664
workday:leidos:/job/Sunset-UT/Network-Operations-Intern_R-00190657,Leidos,Network Operations Intern,Not stated,True,,Internship,,Network / Telecom,"Sunset, UT",citizens-only,79,,,2026-08-26T00:00:00Z,date_only,2026-08-26T20:15:49Z,https://leidos.wd5.myworkdayjobs.com/External/job/Sunset-UT/Network-Operations-Intern_R-00190657
workday:leidos:/job/Tampa-FL/Network-Operations-Intern_R-00190651,Leidos,Network Operations Intern,Summer 2027,False,,Internship,,Network / Telecom,"Tampa, FL",citizens-only,79,,Python; Bash; Linux,2026-08-26T00:00:00Z,date_only,2026-08-26T20:15:49Z,https://leidos.wd5.myworkdayjobs.com/External/job/Tampa-FL/Network-Operations-Intern_R-00190651
workday:leidos:/job/Whitehall-OH/Cybersecurity-Analyst-Intern_R-00190669,Leidos,Cybersecurity Analyst Intern,Summer 2027,False,,Internship,,Security (general),"Whitehall, OH",citizens-only,79,,Python; Bash; Linux,2026-08-26T00:00:00Z,date_only,2026-08-26T20:15:49Z,https://leidos.wd5.myworkdayjobs.com/External/job/Whitehall-OH/Cybersecurity-Analyst-Intern_R-00190669
workday:magna:/job/Liberty-Missouri-US/IT-Intern_R00258472,Magna International,IT Intern,Not stated,True,,Internship,,IT Support / Ops,"Liberty, Missouri, US",unknown,141,,,2026-08-26T00:00:00Z,date_only,2026-08-26T20:15:49Z,https://magna.wd3.myworkdayjobs.com/Magna/job/Liberty-Missouri-US/IT-Intern_R00258472
workday:mksinst:/job/Andover-MA/XMLNAME-2027-Summer-BI-Data-Analytics-IT-Intern_R20657,MKS Instruments,2027 Summer BI/Data Analytics IT Intern,Summer 2027,False,,Internship,,IT Support / Ops,"Andover, MA",unknown,7,$22–$27/hr,Python; Azure; Tableau,2026-08-26T00:00:00Z,date_only,2026-08-26T16:50:18Z,https://mksinst.wd1.myworkdayjobs.com/MKSCareersUniversity/job/Andover-MA/XMLNAME-2027-Summer-BI-Data-Analytics-IT-Intern_R20657
workday:nrel:/job/Golden-CO/Undergraduate-graduate-intern---software-and-data-infrastructure-for-autonomous-thin-film-experimentation--Year-Round-_R14394,National Laboratory of the Rockies,Undergraduate/graduate intern - software and data infrastructure for autonomous thin film experimentation (Year-Round),Not stated,True,,Internship,,Systems & Cloud Infra,"Golden, CO",unknown,,,Python; Computer Vision; Git,2026-08-26T00:00:00Z,date_only,2026-08-26T20:15:49Z,https://nrel.wd5.myworkdayjobs.com/NLR/job/Golden-CO/Undergraduate-graduate-intern---software-and-data-infrastructure-for-autonomous-thin-film-experimentation--Year-Round-_R14394
workday:qtsdatacenters:/job/Irving-TX/Summer-2027-Internship--Internal-Data-Center-Infrastructure-Projects_R2026-1906,QTS,Summer 2027 Internship: Internal Data Center Infrastructure Projects,Summer 2027,False,,Internship,,Systems & Cloud Infra,"Irving, TX",citizens-only,,,,2026-08-26T00:00:00Z,date_only,2026-08-26T16:50:18Z,https://qtsdatacenters.wd5.myworkdayjobs.com/qts/job/Irving-TX/Summer-2027-Internship--Internal-Data-Center-Infrastructure-Projects_R2026-1906
greenhouse:verkada:5213881007,Verkada,Security Software Engineering Intern 2027,Summer 2027,False,,Internship,,Security (general),"San Mateo, CA United States",offers,67,,Python; Go; Computer Vision; AWS; Kubernetes; Docker; Terraform; Linux,2026-08-25T14:12:08-04:00,exact,2026-08-25T19:08:47Z,https://job-boards.greenhouse.io/verkada/jobs/5213881007
oracle:ebxr.fa.us2.oraclecloud.com:214473,DTCC,Infrastructure Engineer Intern [2027 Intern Program],Summer 2027,False,,Internship,,Systems & Cloud Infra,"Jersey City, NJ, United States; Tampa, FL, United States; Dallas, TX, United States",unknown,,,Python; SQL; Bash; AWS; Azure; Linux; Git,2026-08-25,date_only,2026-08-25T21:56:12Z,https://ebxr.fa.us2.oraclecloud.com/hcmUI/CandidateExperience/en/sites/CX_1/job/214473
oracle:ebxr.fa.us2.oraclecloud.com:214476,DTCC,Information Security Intern [2027 Intern Program],Summer 2027,False,,Internship,,Security (general),"Jersey City, NJ, United States; Tampa, FL, United States; Dallas, TX, United States",unknown,,,,2026-08-25,date_only,2026-08-25T21:56:12Z,https://ebxr.fa.us2.oraclecloud.com/hcmUI/CandidateExperience/en/sites/CX_1/job/214476
oracle:ebxr.fa.us2.oraclecloud.com:214487,DTCC,Cyber Security Risk Intern [2027 Internship Program],Summer 2027,False,,Internship,,Security (general),"Jersey City, NJ, United States; Tampa, FL, United States; Dallas, TX, United States",unknown,,,,2026-08-25,date_only,2026-08-25T21:56:12Z,https://ebxr.fa.us2.oraclecloud.com/hcmUI/CandidateExperience/en/sites/CX_1/job/214487
oracle:ehzq.fa.us2.oraclecloud.com:115449,Grant Thornton,Cybersecurity and Privacy Intern - Summer 2027,Summer 2027,False,,Internship,,Security (general),"San Francisco, CA, United States",no-sponsorship,118,$42.5/hr,,2026-08-25,date_only,2026-08-26T02:09:21Z,https://ehzq.fa.us2.oraclecloud.com/hcmUI/CandidateExperience/en/sites/CX_1/job/115449
oracle:ehzq.fa.us2.oraclecloud.com:115637,Grant Thornton,Cybersecurity and Privacy Intern - Summer 2027,Summer 2027,False,,Internship,,Security (general),"New York, NY, United States",no-sponsorship,118,$40/hr,,2026-08-25,date_only,2026-08-25T21:56:12Z,https://ehzq.fa.us2.oraclecloud.com/hcmUI/CandidateExperience/en/sites/CX_1/job/115637
oracle:ibqbjb.fa.ocs.oraclecloud.com:155554,Honeywell,"Information Systems, IT, Cyber Engineer & Data Science - Summer 2027 Intern (US Person Required)",Summer 2027,False,,Internship,,Security (general),United States,citizens-only,,$23/hr,,2026-08-25,date_only,2026-08-25T21:56:12Z,https://ibqbjb.fa.ocs.oraclecloud.com/hcmUI/CandidateExperience/en/sites/CX_1/job/155554
oracle:ibqbjb.fa.ocs.oraclecloud.com:155555,Honeywell,"Information Systems, IT, Cyber Engineer & Data Science - Summer 2027 Intern",Summer 2027,False,,Internship,,Security (general),United States,unknown,,$23/hr,,2026-08-25,date_only,2026-08-25T21:56:12Z,https://ibqbjb.fa.ocs.oraclecloud.com/hcmUI/CandidateExperience/en/sites/CX_1/job/155555
smartrecruiters:BoschGroup:744000145507908,Bosch,AI Security Research Intern,Not stated,True,,Internship,,Security (general),"Pittsburgh, PA, United States",unknown,188,,Python; PyTorch; LLMs,2026-08-25T12:50:20.265Z,exact,2026-08-25T13:24:39Z,https://jobs.smartrecruiters.com/BoschGroup/744000145507908
workday:brunswick:/job/Oshkosh-WI/Mercury-Marine--Drives---Propulsion-Systems-Engineering-Intern_JR-051237,Brunswick,Mercury Marine: Drives & Propulsion Systems Engineering Intern,Summer 2027,False,,Internship,,Systems & Cloud Infra,"Oshkosh, WI",no-sponsorship,54,$18–$27.5/hr,Python; MATLAB,2026-08-25T00:00:00Z,date_only,2026-08-25T19:08:47Z,https://brunswick.wd1.myworkdayjobs.com/search/job/Oshkosh-WI/Mercury-Marine--Drives---Propulsion-Systems-Engineering-Intern_JR-051237
workday:copart:/job/US-Tech-InfraOps-729/Network-Engineering-Intern_JR110653,Copart,Network Engineering Intern,Not stated,True,,Internship,,Network / Telecom,US Tech Infra/Ops 729,unknown,83,,Python; Bash; Linux,2026-08-25T00:00:00Z,date_only,2026-08-26T02:09:21Z,https://copart.wd12.myworkdayjobs.com/copart/job/US-Tech-InfraOps-729/Network-Engineering-Intern_JR110653
workday:globalfoundries:/job/USA---New-York---Malta/Cybersecurity-Intern--Summer-2027-_JR-2604459,GlobalFoundries,Cybersecurity Intern (Summer 2027),Summer 2027,False,,Internship,,Security (general),USA - New York - Malta,unknown,,,,2026-08-25T00:00:00Z,date_only,2026-08-25T16:14:54Z,https://globalfoundries.wd1.myworkdayjobs.com/External/job/USA---New-York---Malta/Cybersecurity-Intern--Summer-2027-_JR-2604459
workday:shi:/job/Piscataway-NJ-USA/Systems-Engineer---Intern_JR3618,SHI International,Systems Engineer - Intern,Not stated,True,,Internship,,Systems & Cloud Infra,"Piscataway, NJ USA",unknown,,,Python; Linux,2026-08-25T00:00:00Z,date_only,2026-08-26T02:09:21Z,https://shi.wd12.myworkdayjobs.com/shicareers/job/Piscataway-NJ-USA/Systems-Engineer---Intern_JR3618
greenhouse:advancedspace:4333179009,Advanced Space,2027 DevOps Summer Internship,Summer 2027,False,,Internship,,Systems & Cloud Infra,"Westminster, CO",unknown,,$26–$35/hr,Python; Bash; AWS; Kubernetes; Docker; Terraform; Linux; Git,2026-08-24T16:17:46-04:00,exact,2026-08-24T21:55:31Z,https://job-boards.greenhouse.io/advancedspace/jobs/4333179009
greenhouse:advancedspace:4376394009,Advanced Space,2027 Systems Engineering Summer Internship,Summer 2027,False,,Internship,,Systems & Cloud Infra,"Westminster, CO",unknown,,$26–$35/hr,Python; MATLAB,2026-08-24T16:45:13-04:00,exact,2026-08-24T21:55:31Z,https://job-boards.greenhouse.io/advancedspace/jobs/4376394009
greenhouse:morsecorpcoop:7968518003,Meridian Partners,Security Compliance Co-op,Not stated,True,,Co-op,,GRC / Risk,"Cambridge, MA",unknown,,,,2026-08-24T22:46:34-04:00,exact,2026-08-25T04:11:56Z,https://job-boards.greenhouse.io/morsecorpcoop/jobs/7968518003
greenhouse:morsecorpcoop:7968729003,Meridian Partners,Network Engineer Graduate Co-op,Not stated,True,,Co-op,,Network / Telecom,"Cambridge, MA",citizens-only,,,Python; Terraform,2026-08-24T23:24:59-04:00,exact,2026-08-25T04:11:56Z,https://job-boards.greenhouse.io/morsecorpcoop/jobs/7968729003
oracle:eofe.fa.us2.oraclecloud.com:81271,BNY,"2027 BNY Summer Internship Program - Risk and Compliance (New York, NY)",Summer 2027,False,,Internship,,GRC / Risk,"New York, NY, United States",unknown,,,LLMs,2026-08-24,date_only,2026-08-24T13:27:50Z,https://eofe.fa.us2.oraclecloud.com/hcmUI/CandidateExperience/en/sites/CX_1001/job/81271
oracle:eofe.fa.us2.oraclecloud.com:81276,BNY,"2027 BNY Summer Internship Program - Risk and Compliance (Pittsburgh, PA)",Summer 2027,False,,Internship,,GRC / Risk,"Pittsburgh, PA, United States",unknown,,,LLMs,2026-08-24,date_only,2026-08-24T13:27:50Z,https://eofe.fa.us2.oraclecloud.com/hcmUI/CandidateExperience/en/sites/CX_1001/job/81276
oracle:eofe.fa.us2.oraclecloud.com:81277,BNY,"2027 BNY Summer Internship Program - Risk and Compliance (Lake Mary, FL)",Summer 2027,False,,Internship,,GRC / Risk,"Lake Mary, FL, United States",unknown,,,LLMs,2026-08-24,date_only,2026-08-24T13:27:50Z,https://eofe.fa.us2.oraclecloud.com/hcmUI/CandidateExperience/en/sites/CX_1001/job/81277
workday:dmainc:/job/Indianapolis-IN/IT-Support-Intern---Summer-2027_REQ638-1,Dmainc,IT Support Intern - Summer 2027,Summer 2027,False,,Internship,,IT Support / Ops,"Indianapolis, IN",unknown,,,,2026-08-24T00:00:00Z,date_only,2026-08-24T19:12:18Z,https://dmainc.wd5.myworkdayjobs.com/dma/job/Indianapolis-IN/IT-Support-Intern---Summer-2027_REQ638-1
workday:markelcorp:/job/Richmond-VA/Markel-2027-IT-Internship-Program_R0023805,"Markel Group, Inc.",Markel 2027 IT Internship Program,Summer 2027,False,,Internship,,Other,"Richmond, VA",no-sponsorship,,$24–$28.5/hr,,2026-08-24T00:00:00Z,date_only,2026-08-24T19:12:18Z,https://markelcorp.wd5.myworkdayjobs.com/GlobalCareers/job/Richmond-VA/Markel-2027-IT-Internship-Program_R0023805
workday:ngc:/job/United-States-Florida-Melbourne/XMLNAME-2027-Intern---Systems-Engineering_R10247434,Northrop Grumman,2027 Intern - Systems Engineering,Summer 2027,False,,Internship,,Systems & Cloud Infra,United States-Florida-Melbourne,citizens-only,,$18.5–$33.5/hr,,2026-08-24T00:00:00Z,date_only,2026-08-25T02:05:50Z,https://ngc.wd1.myworkdayjobs.com/Northrop_Grumman_External_Site/job/United-States-Florida-Melbourne/XMLNAME-2027-Intern---Systems-Engineering_R10247434
workday:relx:/job/Dayton-OH/Desktop-Support-Co-Op_R117278-1,RELX,Desktop Support Co-Op,Not stated,True,,Co-op,,IT Support / Ops,"Dayton, OH",unknown,,$18/hr,LLMs; HTML/CSS,2026-08-24T00:00:00Z,date_only,2026-08-24T19:12:18Z,https://relx.wd3.myworkdayjobs.com/relx/job/Dayton-OH/Desktop-Support-Co-Op_R117278-1
smartrecruiters:LLNL:3743990014731646,Lawrence Livermore National Laboratory (LLNL),National Security Engineering Division (NSED) Graduate Intern - Summer 2027,Summer 2027,False,,Internship,,Security (general),"Livermore, CA, United States",unknown,,,,2026-08-21T01:07:14.841Z,exact,2026-08-21T02:10:32Z,https://jobs.smartrecruiters.com/LLNL/3743990014731646
smartrecruiters:LLNL:3743990014731656,Lawrence Livermore National Laboratory (LLNL),National Security Engineering Division (NSED) Undergraduate Intern - Summer 2027,Summer 2027,False,,Internship,,Security (general),"Livermore, CA, United States (Hybrid)",unknown,,,,2026-08-21T01:09:10.198Z,exact,2026-08-21T02:10:32Z,https://jobs.smartrecruiters.com/LLNL/3743990014731656
smartrecruiters:LLNL:3743990014731696,Lawrence Livermore National Laboratory (LLNL),Energy Systems Analyst Graduate Intern - Fall 2026,Fall 2026,False,,Internship,,Systems & Cloud Infra,"Livermore, CA, United States",unknown,,,Python; MATLAB,2026-08-21T01:13:22.073Z,exact,2026-08-21T02:10:32Z,https://jobs.smartrecruiters.com/LLNL/3743990014731696
workday:heidelbergmaterials:/job/Irving-TX/IT-Intern_JR10018243,Heidelberg Materials,IT Intern,Not stated,True,,Internship,,IT Support / Ops,"Irving, TX",unknown,,,,2026-08-21T00:00:00Z,date_only,2026-08-21T21:52:17Z,https://heidelbergmaterials.wd3.myworkdayjobs.com/global_hm_career_site/job/Irving-TX/IT-Intern_JR10018243
workday:vanguard:/job/Malvern-PA/College-to-Corporate-IT-Internship---Technology-Operations--PA-_181788,Vanguard,College to Corporate IT Internship - Technology Operations (PA),Summer 2027,False,,Internship,,Other,"Malvern, PA",unknown,,,,2026-08-21T00:00:00Z,date_only,2026-08-21T19:06:16Z,https://vanguard.wd5.myworkdayjobs.com/vanguard_external/job/Malvern-PA/College-to-Corporate-IT-Internship---Technology-Operations--PA-_181788
workday:fifththird:/job/Cincinnati-OH/Information-Security-Co-op---Cyber-Threat-Interdiction---Summer-2027_R71582,Fifth Third Bank,Information Security Co-op - Cyber Threat Interdiction - Summer 2027,Summer 2027,False,,Co-op,,SOC / Detection,"Cincinnati, OH",unknown,,,,2026-08-20T00:00:00Z,date_only,2026-08-20T16:03:05Z,https://fifththird.wd5.myworkdayjobs.com/53careers/job/Cincinnati-OH/Information-Security-Co-op---Cyber-Threat-Interdiction---Summer-2027_R71582
workday:fifththird:/job/Cincinnati-OH/Information-Security-Co-op---Identity---Access-Management---Summer-2027_R71591,Fifth Third Bank,Information Security Co-op – Identity & Access Management – Summer 2027,Summer 2027,False,,Co-op,,Cloud & Infra Sec,"Cincinnati, OH",unknown,,,,2026-08-20T00:00:00Z,date_only,2026-08-20T16:03:05Z,https://fifththird.wd5.myworkdayjobs.com/53careers/job/Cincinnati-OH/Information-Security-Co-op---Identity---Access-Management---Summer-2027_R71591
workday:vanguard:/job/Charlotte-NC/College-to-Corporate-IT-Internship---Data-Analyst--NC-_181767,Vanguard,College to Corporate IT Internship - Data Analyst (NC),Summer 2027,False,,Internship,,Other,"Charlotte, NC",unknown,,,,2026-08-20T00:00:00Z,date_only,2026-08-20T21:55:05Z,https://vanguard.wd5.myworkdayjobs.com/vanguard_external/job/Charlotte-NC/College-to-Corporate-IT-Internship---Data-Analyst--NC-_181767
workday:vanguard:/job/Charlotte-NC/College-to-Corporate-IT-Internship---Data-Science--NC-_181765,Vanguard,College to Corporate IT Internship - Data Science (NC),Summer 2027,False,,Internship,,Other,"Charlotte, NC",unknown,,,,2026-08-20T00:00:00Z,date_only,2026-08-20T21:55:05Z,https://vanguard.wd5.myworkdayjobs.com/vanguard_external/job/Charlotte-NC/College-to-Corporate-IT-Internship---Data-Science--NC-_181765
workday:vanguard:/job/Charlotte-NC/College-to-Corporate-IT-Internship---Risk---Security---Analyst---NC-_181764,Vanguard,College to Corporate IT Internship - Risk & Security - Analyst  (NC),Summer 2027,False,,Internship,,Security (general),"Charlotte, NC",unknown,,,,2026-08-20T00:00:00Z,date_only,2026-08-20T21:55:05Z,https://vanguard.wd5.myworkdayjobs.com/vanguard_external/job/Charlotte-NC/College-to-Corporate-IT-Internship---Risk---Security---Analyst---NC-_181764
workday:vanguard:/job/Malvern-PA/College-to-Corporate-IT-Internship---Data-Science--PA-_181766,Vanguard,College to Corporate IT Internship - Data Science (PA),Summer 2027,False,,Internship,,Other,"Malvern, PA",unknown,,,,2026-08-20T00:00:00Z,date_only,2026-08-20T21:55:05Z,https://vanguard.wd5.myworkdayjobs.com/vanguard_external/job/Malvern-PA/College-to-Corporate-IT-Internship---Data-Science--PA-_181766
workday:vanguard:/job/Malvern-PA/College-to-Corporate-IT-Internship---Risk---Security---Analyst---PA-_181762,Vanguard,College to Corporate IT Internship - Risk & Security - Analyst  (PA),Summer 2027,False,,Internship,,Security (general),"Malvern, PA",unknown,,,,2026-08-20T00:00:00Z,date_only,2026-08-20T21:55:05Z,https://vanguard.wd5.myworkdayjobs.com/vanguard_external/job/Malvern-PA/College-to-Corporate-IT-Internship---Risk---Security---Analyst---PA-_181762
workday:aero:/job/Kirtland-AFB-NM/XMLNAME-2026-AFRL-System-Engineer-Graduate-Intern_R016128,The Aerospace Corporation,2026 AFRL System Engineer Graduate Intern,Fall 2026,False,,Internship,,Systems & Cloud Infra,"Kirtland AFB, NM",citizens-only,,,,2026-08-19T00:00:00Z,date_only,2026-08-19T19:07:11Z,https://aero.wd5.myworkdayjobs.com/external/job/Kirtland-AFB-NM/XMLNAME-2026-AFRL-System-Engineer-Graduate-Intern_R016128
workday:armaninollp:/job/Austin-Texas/Summer-2027---IT-Audit-Intern--Austin-_JR104221,Armanino,Summer 2027 - IT Audit Intern (Austin),Summer 2027,False,,Internship,,GRC / Risk,"Austin, Texas",unknown,21,$33/hr,,2026-08-19T00:00:00Z,date_only,2026-08-19T21:52:43Z,https://armaninollp.wd1.myworkdayjobs.com/Armanino/job/Austin-Texas/Summer-2027---IT-Audit-Intern--Austin-_JR104221
workday:copart:/job/Dallas-TX---Headquarters/Site-Reliability-Engineer-Intern_JR110631,Copart,Site Reliability Engineer Intern,Not stated,True,,Internship,,Systems & Cloud Infra,"Dallas, TX - Headquarters",unknown,83,,Python; AWS; GCP; Kubernetes; Linux,2026-08-19T00:00:00Z,date_only,2026-08-19T22:15:06Z,https://copart.wd12.myworkdayjobs.com/copart/job/Dallas-TX---Headquarters/Site-Reliability-Engineer-Intern_JR110631
workday:tencent:/job/US-Washington-Bellevue/IT-Operations-Intern_R107720,Tencent,IT Operations Intern,Not stated,True,,Internship,,Other,US-Washington-Bellevue,unknown,,$28.27–$60/hr,Tableau,2026-08-19T00:00:00Z,date_only,2026-08-20T02:00:41Z,https://tencent.wd1.myworkdayjobs.com/Tencent_Careers/job/US-Washington-Bellevue/IT-Operations-Intern_R107720
workday:clr:/job/Oklahoma-City-OK/IT-Intern--Summer-2027-_R02593-1,Continental Resources,IT Intern (Summer 2027),Summer 2027,False,,Internship,,IT Support / Ops,"Oklahoma City, OK",unknown,,,,2026-08-18T00:00:00Z,date_only,2026-08-19T04:10:56Z,https://clr.wd5.myworkdayjobs.com/CLR_Careers/job/Oklahoma-City-OK/IT-Intern--Summer-2027-_R02593-1
workday:globalhr:/job/US-IA-CEDAR-RAPIDS-131--5450-C-Ave-NE--BLDG-131/Systems-Engineering-Intern-2027--Onsite-_01865648,RTX,Systems Engineering Intern 2027 (Onsite),Summer 2027,False,,Internship,,Systems & Cloud Infra,US-IA-CEDAR RAPIDS-131 ~ 5450 C Ave NE ~ BLDG 131,unknown,,,,2026-08-18T00:00:00Z,date_only,2026-08-18T07:15:34Z,https://globalhr.wd5.myworkdayjobs.com/Private_Posting_No_TMP/job/US-IA-CEDAR-RAPIDS-131--5450-C-Ave-NE--BLDG-131/Systems-Engineering-Intern-2027--Onsite-_01865648
workday:hitachi:/job/Santa-Clara-California-United-States/Intern---Data-Center-Optimization_R0142174,Hitachi Energy,Intern - Data Center Optimization,Fall 2026,False,,Internship,,Systems & Cloud Infra,"Santa Clara, California, United States",unknown,,$50–$55/hr,Python; PyTorch; TensorFlow; scikit-learn; Pandas,2026-08-18T00:00:00Z,date_only,2026-08-18T21:48:43Z,https://hitachi.wd1.myworkdayjobs.com/hitachi/job/Santa-Clara-California-United-States/Intern---Data-Center-Optimization_R0142174
oracle:efet.fa.us2.oraclecloud.com:218257,Hilton Worldwide,2027 Corporate Summer Internship - Technology (Software Engineering and Cyber),Summer 2027,False,,Internship,,Security (general),"Memphis, TN, United States; McLean, VA, United States; Dallas, TX, United States",unknown,,$25/hr,,2026-08-17,date_only,2026-08-18T10:02:40Z,https://efet.fa.us2.oraclecloud.com/hcmUI/CandidateExperience/en/sites/CX_1009/job/218257
oracle:egug.fa.us2.oraclecloud.com:26011878,American Express,"Campus Undergraduate Summer Internship Program - 2027 Cybersecurity Analyst, Enterprise Technology Services- New York, NY",Summer 2027,False,,Internship,,Security (general),"New York, NY, United States",unknown,133,,Python; Bash,2026-08-17,date_only,2026-08-18T02:03:06Z,https://egug.fa.us2.oraclecloud.com/hcmUI/CandidateExperience/en/sites/CX_1/job/26011878
oracle:egug.fa.us2.oraclecloud.com:26011893,American Express,"Campus Graduate Masters Summer Internship Program - 2027 Cybersecurity Analyst, Enterprise Technology Services- New York, NY",Summer 2027,False,,Internship,,Security (general),"New York, NY, United States",unknown,133,,Python; Bash,2026-08-17,date_only,2026-08-18T02:03:06Z,https://egug.fa.us2.oraclecloud.com/hcmUI/CandidateExperience/en/sites/CX_1/job/26011893
oracle:egug.fa.us2.oraclecloud.com:26011908,American Express,"Campus Undergraduate Summer Internship Program - 2027 Cybersecurity Analyst, Enterprise Technology Services- Atlanta, GA",Summer 2027,False,,Internship,,Security (general),"Atlanta, GA, United States",unknown,133,,Python; Bash,2026-08-17,date_only,2026-08-18T02:03:06Z,https://egug.fa.us2.oraclecloud.com/hcmUI/CandidateExperience/en/sites/CX_1/job/26011908
oracle:egug.fa.us2.oraclecloud.com:26011913,American Express,"Campus Graduate Masters Summer Internship Program - 2027 Cybersecurity Analyst, Enterprise Technology Services- Atlanta, GA",Summer 2027,False,,Internship,,Security (general),"Atlanta, GA, United States",unknown,133,,Python; Bash,2026-08-17,date_only,2026-08-18T02:03:06Z,https://egug.fa.us2.oraclecloud.com/hcmUI/CandidateExperience/en/sites/CX_1/job/26011913
oracle:egug.fa.us2.oraclecloud.com:26011914,American Express,"Campus Undergraduate Summer Internship Program - 2027 Cybersecurity Analyst, Enterprise Technology Services- Sunrise, FL",Summer 2027,False,,Internship,,Security (general),"Sunrise, FL, United States",unknown,133,,Python; Bash,2026-08-17,date_only,2026-08-18T02:03:06Z,https://egug.fa.us2.oraclecloud.com/hcmUI/CandidateExperience/en/sites/CX_1/job/26011914
oracle:egug.fa.us2.oraclecloud.com:26012444,American Express,"Campus Graduate Masters Summer Internship Program - 2027 Cybersecurity Analyst, Enterprise Technology Services- Sunrise, FL",Summer 2027,False,,Internship,,Security (general),"Sunrise, FL, United States",unknown,133,,Python; Bash,2026-08-17,date_only,2026-08-18T02:03:06Z,https://egug.fa.us2.oraclecloud.com/hcmUI/CandidateExperience/en/sites/CX_1/job/26012444
oracle:egug.fa.us2.oraclecloud.com:26012460,American Express,"Campus Undergraduate Summer Internship Program - 2027 Cybersecurity Analyst, Enterprise Technology Services- Phoenix, AZ",Summer 2027,False,,Internship,,Security (general),"Phoenix, AZ, United States",unknown,133,,Python; Bash,2026-08-17,date_only,2026-08-18T02:03:06Z,https://egug.fa.us2.oraclecloud.com/hcmUI/CandidateExperience/en/sites/CX_1/job/26012460
oracle:egug.fa.us2.oraclecloud.com:26012462,American Express,"Campus Graduate Masters Summer Internship Program - 2027 Cybersecurity Analyst, Enterprise Technology Services- Phoenix, AZ",Summer 2027,False,,Internship,,Security (general),"Phoenix, AZ, United States",unknown,133,,Python; Bash,2026-08-17,date_only,2026-08-18T02:03:06Z,https://egug.fa.us2.oraclecloud.com/hcmUI/CandidateExperience/en/sites/CX_1/job/26012462
workday:abbott:/job/United-States---Illinois---Waukegan/XMLNAME-2027-IT-Intern_31159432,Abbott,2027 IT Intern,Summer 2027,False,,Internship,,IT Support / Ops,United States - Illinois - Waukegan,no-sponsorship,,$33.59/hr,,2026-08-17T00:00:00Z,date_only,2026-08-18T02:03:06Z,https://abbott.wd5.myworkdayjobs.com/abbottcareers/job/United-States---Illinois---Waukegan/XMLNAME-2027-IT-Intern_31159432
workday:conagrabrands:/job/Omaha-Nebraska/IT-Infrastructure-Internship---Summer-2027_Req-039788,Conagra Brands,IT Infrastructure Internship - Summer 2027,Summer 2027,False,,Internship,,Systems & Cloud Infra,"Omaha, Nebraska",unknown,14,,,2026-08-17T00:00:00Z,date_only,2026-08-18T04:10:34Z,https://conagrabrands.wd1.myworkdayjobs.com/Careers_US/job/Omaha-Nebraska/IT-Infrastructure-Internship---Summer-2027_Req-039788
workday:globalhr:/job/US-IA-CEDAR-RAPIDS-130--5350-C-Ave-NE--BLDG-130/Intern-Conversion-Systems-Engineer-I--Onsite-_01866833,RTX,Intern Conversion/Systems Engineer I (Onsite),Not stated,True,,Internship,,Systems & Cloud Infra,US-IA-CEDAR RAPIDS-130 ~ 5350 C Ave NE ~ BLDG 130,citizens-only,,,Python; Linux,2026-08-17T00:00:00Z,date_only,2026-08-18T07:15:34Z,https://globalhr.wd5.myworkdayjobs.com/Private_Posting_No_TMP/job/US-IA-CEDAR-RAPIDS-130--5350-C-Ave-NE--BLDG-130/Intern-Conversion-Systems-Engineer-I--Onsite-_01866833
workday:globalhr:/job/US-IA-CEDAR-RAPIDS-130--5350-C-Ave-NE--BLDG-130/Intern-Conversion-Systems-Engineer-I--Onsite-_01866850,RTX,Intern Conversion/Systems Engineer I (Onsite),Not stated,True,,Internship,,Systems & Cloud Infra,US-IA-CEDAR RAPIDS-130 ~ 5350 C Ave NE ~ BLDG 130,citizens-only,,,Python; Linux,2026-08-17T00:00:00Z,date_only,2026-08-18T07:15:34Z,https://globalhr.wd5.myworkdayjobs.com/Private_Posting_No_TMP/job/US-IA-CEDAR-RAPIDS-130--5350-C-Ave-NE--BLDG-130/Intern-Conversion-Systems-Engineer-I--Onsite-_01866850
workday:globalhr:/job/US-IA-CEDAR-RAPIDS-130--5350-C-Ave-NE--BLDG-130/RSE----Systems-Engineering-Intern-2027--Onsite-_01866779,RTX,RSE -- Systems Engineering Intern 2027 (Onsite),Summer 2027,False,,Internship,,Systems & Cloud Infra,US-IA-CEDAR RAPIDS-130 ~ 5350 C Ave NE ~ BLDG 130,citizens-only,,,,2026-08-17T00:00:00Z,date_only,2026-08-18T07:15:34Z,https://globalhr.wd5.myworkdayjobs.com/Private_Posting_No_TMP/job/US-IA-CEDAR-RAPIDS-130--5350-C-Ave-NE--BLDG-130/RSE----Systems-Engineering-Intern-2027--Onsite-_01866779
workday:globalhr:/job/US-IA-CEDAR-RAPIDS-130--5350-C-Ave-NE--BLDG-130/RSE---Systems-Engineering-Intern-2027--Onsite-_01867325,RTX,RSE - Systems Engineering Intern 2027 (Onsite),Summer 2027,False,,Internship,,Systems & Cloud Infra,US-IA-CEDAR RAPIDS-130 ~ 5350 C Ave NE ~ BLDG 130,citizens-only,,,,2026-08-17T00:00:00Z,date_only,2026-08-18T04:10:34Z,https://globalhr.wd5.myworkdayjobs.com/Private_Posting_No_TMP/job/US-IA-CEDAR-RAPIDS-130--5350-C-Ave-NE--BLDG-130/RSE---Systems-Engineering-Intern-2027--Onsite-_01867325
workday:globalhr:/job/US-IA-CEDAR-RAPIDS-130--5350-C-Ave-NE--BLDG-130/RSE---Systems-Engineering-Intern-2027--Onsite-_01867566,RTX,RSE - Systems Engineering Intern 2027 (Onsite),Summer 2027,False,,Internship,,Systems & Cloud Infra,US-IA-CEDAR RAPIDS-130 ~ 5350 C Ave NE ~ BLDG 130,citizens-only,,,,2026-08-17T00:00:00Z,date_only,2026-08-18T04:10:34Z,https://globalhr.wd5.myworkdayjobs.com/Private_Posting_No_TMP/job/US-IA-CEDAR-RAPIDS-130--5350-C-Ave-NE--BLDG-130/RSE---Systems-Engineering-Intern-2027--Onsite-_01867566
workday:hdsupply:/job/Atlanta-GA-US/IT-Intern---Summer-2027_R26004267,HD Supply,IT Intern - Summer 2027,Summer 2027,False,,Internship,,IT Support / Ops,Atlanta-GA-US,unknown,27,,Python; Java; JavaScript; SQL; React; Angular,2026-08-17T00:00:00Z,date_only,2026-08-17T04:13:54Z,https://hdsupply.wd1.myworkdayjobs.com/External/job/Atlanta-GA-US/IT-Intern---Summer-2027_R26004267
workday:keybank:/job/Brooklyn-OH/XMLNAME-2027-Summer-Key-Technology---Services--Cyber-Information-Security-Track-Internship--Cleveland_R-41384,KeyBank,2027 Summer Key Technology & Services: Cyber/Information Security Track Internship- Cleveland,Summer 2027,False,,Internship,,Security (general),"Brooklyn, OH",unknown,,$25/hr,Python; C#; JavaScript; SQL; HTML/CSS; GCP; Tableau,2026-08-17T00:00:00Z,date_only,2026-08-17T19:08:31Z,https://keybank.wd5.myworkdayjobs.com/External_Career_Site/job/Brooklyn-OH/XMLNAME-2027-Summer-Key-Technology---Services--Cyber-Information-Security-Track-Internship--Cleveland_R-41384
workday:keybank:/job/Brooklyn-OH/XMLNAME-2027-Summer-Key-Technology---Services--Security--Business---Strategy-Track-Internship--Cleveland_R-41390,KeyBank,"2027 Summer Key Technology & Services: Security, Business & Strategy Track Internship- Cleveland",Summer 2027,False,,Internship,,Security (general),"Brooklyn, OH",unknown,,,Python; C#; JavaScript; SQL; HTML/CSS; GCP; Tableau,2026-08-17T00:00:00Z,date_only,2026-08-17T19:08:31Z,https://keybank.wd5.myworkdayjobs.com/External_Career_Site/job/Brooklyn-OH/XMLNAME-2027-Summer-Key-Technology---Services--Security--Business---Strategy-Track-Internship--Cleveland_R-41390
workday:vanguard:/job/Charlotte-NC/College-to-Corporate-IT-Internship---Application-Development--NC-_177681-1,Vanguard,College to Corporate IT Internship - Application Development (NC),Summer 2027,False,,Internship,,Other,"Charlotte, NC",unknown,,,,2026-08-17T00:00:00Z,date_only,2026-08-17T21:53:44Z,https://vanguard.wd5.myworkdayjobs.com/vanguard_external/job/Charlotte-NC/College-to-Corporate-IT-Internship---Application-Development--NC-_177681-1
workday:vanguard:/job/Charlotte-NC/College-to-Corporate-IT-Internship---Data-Analyst--NC-_177677-1,Vanguard,College to Corporate IT Internship - Data Analyst (NC),Summer 2027,False,,Internship,,Other,"Charlotte, NC",unknown,,,,2026-08-17T00:00:00Z,date_only,2026-08-17T21:53:44Z,https://vanguard.wd5.myworkdayjobs.com/vanguard_external/job/Charlotte-NC/College-to-Corporate-IT-Internship---Data-Analyst--NC-_177677-1
workday:vanguard:/job/Charlotte-NC/College-to-Corporate-IT-Internship---Data-Science--NC-_177682-1,Vanguard,College to Corporate IT Internship - Data Science (NC),Summer 2027,False,,Internship,,Other,"Charlotte, NC",unknown,,,,2026-08-17T00:00:00Z,date_only,2026-08-17T21:53:44Z,https://vanguard.wd5.myworkdayjobs.com/vanguard_external/job/Charlotte-NC/College-to-Corporate-IT-Internship---Data-Science--NC-_177682-1
workday:vanguard:/job/Charlotte-NC/College-to-Corporate-IT-Internship---Risk---Security---Analyst---NC-_177689-1,Vanguard,College to Corporate IT Internship - Risk & Security - Analyst  (NC),Summer 2027,False,,Internship,,Security (general),"Charlotte, NC",unknown,,,,2026-08-17T00:00:00Z,date_only,2026-08-17T21:53:44Z,https://vanguard.wd5.myworkdayjobs.com/vanguard_external/job/Charlotte-NC/College-to-Corporate-IT-Internship---Risk---Security---Analyst---NC-_177689-1
workday:vanguard:/job/Charlotte-NC/College-to-Corporate-IT-Internship---Risk---Security---Engineer---NC-_177688-1,Vanguard,College to Corporate IT Internship - Risk & Security - Engineer  (NC),Summer 2027,False,,Internship,,Security (general),"Charlotte, NC",unknown,,,,2026-08-17T00:00:00Z,date_only,2026-08-17T22:13:06Z,https://vanguard.wd5.myworkdayjobs.com/vanguard_external/job/Charlotte-NC/College-to-Corporate-IT-Internship---Risk---Security---Engineer---NC-_177688-1
workday:vanguard:/job/Charlotte-NC/College-to-Corporate-IT-Internship---Technology-Operations--NC-_177674-1,Vanguard,College to Corporate IT Internship - Technology Operations (NC),Summer 2027,False,,Internship,,Other,"Charlotte, NC",unknown,,,,2026-08-17T00:00:00Z,date_only,2026-08-17T22:13:06Z,https://vanguard.wd5.myworkdayjobs.com/vanguard_external/job/Charlotte-NC/College-to-Corporate-IT-Internship---Technology-Operations--NC-_177674-1
workday:vanguard:/job/Malvern-PA/College-to-Corporate-IT-Internship---Data-Analysis--PA-_177679-1,Vanguard,College to Corporate IT Internship - Data Analysis (PA),Summer 2027,False,,Internship,,Other,"Malvern, PA",unknown,,,,2026-08-17T00:00:00Z,date_only,2026-08-17T21:53:44Z,https://vanguard.wd5.myworkdayjobs.com/vanguard_external/job/Malvern-PA/College-to-Corporate-IT-Internship---Data-Analysis--PA-_177679-1
workday:vanguard:/job/Malvern-PA/College-to-Corporate-IT-Internship---Data-Science--PA-_177680-1,Vanguard,College to Corporate IT Internship - Data Science (PA),Summer 2027,False,,Internship,,Other,"Malvern, PA",unknown,,,,2026-08-17T00:00:00Z,date_only,2026-08-17T21:53:44Z,https://vanguard.wd5.myworkdayjobs.com/vanguard_external/job/Malvern-PA/College-to-Corporate-IT-Internship---Data-Science--PA-_177680-1
workday:vanguard:/job/Malvern-PA/College-to-Corporate-IT-Internship---Investment-Systems--PA-_177685-1,Vanguard,College to Corporate IT Internship - Investment Systems (PA),Summer 2027,False,,Internship,,Systems & Cloud Infra,"Malvern, PA",unknown,,,,2026-08-17T00:00:00Z,date_only,2026-08-17T21:53:44Z,https://vanguard.wd5.myworkdayjobs.com/vanguard_external/job/Malvern-PA/College-to-Corporate-IT-Internship---Investment-Systems--PA-_177685-1
workday:vanguard:/job/Malvern-PA/College-to-Corporate-IT-Internship---Risk---Security---Analyst---PA-_177690-1,Vanguard,College to Corporate IT Internship - Risk & Security - Analyst  (PA),Summer 2027,False,,Internship,,Security (general),"Malvern, PA",unknown,,,,2026-08-17T00:00:00Z,date_only,2026-08-17T21:53:44Z,https://vanguard.wd5.myworkdayjobs.com/vanguard_external/job/Malvern-PA/College-to-Corporate-IT-Internship---Risk---Security---Analyst---PA-_177690-1
workday:vanguard:/job/Malvern-PA/College-to-Corporate-IT-Internship---Risk---Security---Engineer---PA-_177687-1,Vanguard,College to Corporate IT Internship - Risk & Security - Engineer  (PA),Not stated,True,,Internship,,Security (general),"Malvern, PA",unknown,,,,2026-08-17T00:00:00Z,date_only,2026-08-17T22:13:06Z,https://vanguard.wd5.myworkdayjobs.com/vanguard_external/job/Malvern-PA/College-to-Corporate-IT-Internship---Risk---Security---Engineer---PA-_177687-1
workday:vanguard:/job/Malvern-PA/College-to-Corporate-IT-Internship---Technology-Operations--PA-_177670-1,Vanguard,College to Corporate IT Internship - Technology Operations (PA),Summer 2027,False,,Internship,,Other,"Malvern, PA",unknown,,,,2026-08-17T00:00:00Z,date_only,2026-08-17T21:53:44Z,https://vanguard.wd5.myworkdayjobs.com/vanguard_external/job/Malvern-PA/College-to-Corporate-IT-Internship---Technology-Operations--PA-_177670-1
workday:volarisgroup:/job/United-States---TX/IT-Security-Intern_R69295,AssetWorks,IT/Security Intern,Not stated,True,,Internship,,Security (general),United States - TX,unknown,,,,2026-08-17T00:00:00Z,date_only,2026-08-17T19:08:31Z,https://volarisgroup.wd3.myworkdayjobs.com/GoAssetWorks/job/United-States---TX/IT-Security-Intern_R69295
workday:crowe:/job/Sarasota-FL-USA/Incident-Response-Intern_R-71609,Crowe,Incident Response Intern,Not stated,True,,Internship,,SOC / Detection,Sarasota FL USA,unknown,37,$27–$42/hr,Python; Bash; AWS,2026-08-14T00:00:00Z,date_only,2026-08-14T19:26:47Z,https://crowe.wd12.myworkdayjobs.com/external_careers/job/Sarasota-FL-USA/Incident-Response-Intern_R-71609
workday:oneok:/job/Tulsa-OK/Cyber-Security-Intern---Tulsa--OK_R8449,ONEOK,"Cyber Security Intern - Tulsa, OK",Not stated,True,,Internship,,Security (general),"Tulsa, OK",unknown,,,,2026-08-14T00:00:00Z,date_only,2026-08-15T09:54:23Z,https://oneok.wd1.myworkdayjobs.com/ONEOK_Early_Careers/job/Tulsa-OK/Cyber-Security-Intern---Tulsa--OK_R8449
workday:gartner:/job/Stamford-CT/Summer-2027-IT-Intern--May-2028-Graduates-_113095,Gartner,Summer 2027 IT Intern (May 2028 Graduates),Summer 2027,False,,Internship,,IT Support / Ops,"Stamford, CT",unknown,90,,Python; Java; C#; JavaScript; SQL; LLMs; React; Angular,2026-08-13T00:00:00Z,date_only,2026-08-13T05:16:24Z,https://gartner.wd5.myworkdayjobs.com/EXT/job/Stamford-CT/Summer-2027-IT-Intern--May-2028-Graduates-_113095
workday:globalhr:/job/US-IA-CEDAR-RAPIDS-130--5350-C-Ave-NE--BLDG-130/Summer-2027--Intern-Air-Combat-Training--Systems-Engineering--Onsite-_01865658,RTX,Summer 2027: Intern Air Combat Training: Systems Engineering (Onsite),Summer 2027,False,,Internship,,Systems & Cloud Infra,US-IA-CEDAR RAPIDS-130 ~ 5350 C Ave NE ~ BLDG 130,citizens-only,,,,2026-08-12T00:00:00Z,date_only,2026-08-12T22:18:20Z,https://globalhr.wd5.myworkdayjobs.com/Private_Posting_No_TMP/job/US-IA-CEDAR-RAPIDS-130--5350-C-Ave-NE--BLDG-130/Summer-2027--Intern-Air-Combat-Training--Systems-Engineering--Onsite-_01865658
workday:bah:/job/McLean-VA/AI-RAN-Telecommunications-Engineer-Intern_R0246415,Booz Allen,AI RAN Telecommunications Engineer Intern,Not stated,True,,Internship,,Network / Telecom,"McLean, VA",citizens-only,,$108k/yr,Python; C++; PyTorch; TensorFlow; Kubernetes,2026-08-11T00:00:00Z,date_only,2026-08-12T03:53:22Z,https://bah.wd1.myworkdayjobs.com/bah_jobs/job/McLean-VA/AI-RAN-Telecommunications-Engineer-Intern_R0246415
workday:bah:/job/McLean-VA/AI-RAN-Telecommunications-Engineer-Intern_R0246869,Booz Allen,AI RAN Telecommunications Engineer Intern,Not stated,True,,Internship,,Network / Telecom,"McLean, VA",citizens-only,,$108k/yr,Python; C++; PyTorch; TensorFlow; Kubernetes,2026-08-11T00:00:00Z,date_only,2026-08-12T03:53:22Z,https://bah.wd1.myworkdayjobs.com/bah_jobs/job/McLean-VA/AI-RAN-Telecommunications-Engineer-Intern_R0246869
workday:erickson:/job/Baltimore-MD/IT-Intern_R0101964-1,Erickson Senior Living,IT Intern – Enterprise Applications,Not stated,True,,Internship,,IT Support / Ops,"Baltimore, MD",unknown,,$18–$20/hr,,2026-08-11T00:00:00Z,date_only,2026-08-12T03:53:22Z,https://erickson.wd108.myworkdayjobs.com/external/job/Baltimore-MD/IT-Intern_R0101964-1
workday:ing:/job/New-York/Summer-2027-Internship---Tech--Infrastructure-_REQ-10119621,ING,Summer 2027 Internship - Tech (Infrastructure),Summer 2027,False,,Internship,,Systems & Cloud Infra,New York,unknown,,$35/hr,Python; Azure; Git,2026-08-11T00:00:00Z,date_only,2026-08-12T03:53:22Z,https://ing.wd3.myworkdayjobs.com/icsgblcor/job/New-York/Summer-2027-Internship---Tech--Infrastructure-_REQ-10119621
oracle:fa-esgu-saasfaprod1.fa.ocs.oraclecloud.com:23368,Montenson,System Administrator Intern,Summer 2027,False,,Internship,,Systems & Cloud Infra,"MN, United States",no-sponsorship,,,,2026-08-10,date_only,2026-08-12T03:53:22Z,https://fa-esgu-saasfaprod1.fa.ocs.oraclecloud.com/hcmUI/CandidateExperience/en/sites/CX_1/job/23368
workday:canadiansolar:/job/Walnut-Creek-CA/Intern--IT-Infrastructure-Support_10001383,Canadian Solar,"Intern, IT Infrastructure Support",Not stated,True,,Internship,,Systems & Cloud Infra,"Walnut Creek, CA",unknown,,$20–$25/hr,Azure,2026-08-10T00:00:00Z,date_only,2026-08-12T03:53:22Z,https://canadiansolar.wd5.myworkdayjobs.com/CanadianSolar/job/Walnut-Creek-CA/Intern--IT-Infrastructure-Support_10001383
workday:pae:/job/US-CO-Colorado-Springs/Network-Engineer-Internship-IRES---SSFB_R0167863,Amentum,Network Engineer Internship IRES - SSFB,Not stated,True,,Internship,,Network / Telecom,US-CO-Colorado Springs,citizens-only,,$20.67/hr,,2026-08-10T00:00:00Z,date_only,2026-08-12T03:53:22Z,https://pae.wd1.myworkdayjobs.com/amentum_careers/job/US-CO-Colorado-Springs/Network-Engineer-Internship-IRES---SSFB_R0167863
smartrecruiters:BoschGroup:744000142173185,Bosch,Internship Vehicle Thermal Systems Engineering,Not stated,True,,Internship,,Systems & Cloud Infra,"Farmington Hills, MI, United States",unknown,188,,,2026-08-07T15:49:10.910Z,exact,2026-08-12T03:53:22Z,https://jobs.smartrecruiters.com/BoschGroup/744000142173185
workday:copart:/job/Dallas-TX---Headquarters/Vulnerability-Management-Engineering-Intern-_JR109639,Copart,Vulnerability Management Engineering Intern,Not stated,True,,Internship,,Security (general),"Dallas, TX - Headquarters",unknown,83,,Python; SQL; GraphQL,2026-08-07T00:00:00Z,date_only,2026-08-12T03:53:22Z,https://copart.wd12.myworkdayjobs.com/copart/job/Dallas-TX---Headquarters/Vulnerability-Management-Engineering-Intern-_JR109639
workday:globalhr:/job/US-IA-CEDAR-RAPIDS-130--5350-C-Ave-NE--BLDG-130/Intern-Conversion--Systems-Engineer-I--Onsite-_01863190,RTX,Intern Conversion/ Systems Engineer I (Onsite),Not stated,True,,Internship,,Systems & Cloud Infra,US-IA-CEDAR RAPIDS-130 ~ 5350 C Ave NE ~ BLDG 130,citizens-only,,,Python; Linux,2026-08-07T00:00:00Z,date_only,2026-08-12T03:53:22Z,https://globalhr.wd5.myworkdayjobs.com/Private_Posting_No_TMP/job/US-IA-CEDAR-RAPIDS-130--5350-C-Ave-NE--BLDG-130/Intern-Conversion--Systems-Engineer-I--Onsite-_01863190
workday:globalhr:/job/US-IA-CEDAR-RAPIDS-130--5350-C-Ave-NE--BLDG-130/Intern-Conversion--Systems-Engineer-I--Onsite-_01863596,RTX,Intern Conversion/ Systems Engineer I (Onsite),Not stated,True,,Internship,,Systems & Cloud Infra,US-IA-CEDAR RAPIDS-130 ~ 5350 C Ave NE ~ BLDG 130,citizens-only,,,Python; Linux,2026-08-07T00:00:00Z,date_only,2026-08-12T03:53:22Z,https://globalhr.wd5.myworkdayjobs.com/Private_Posting_No_TMP/job/US-IA-CEDAR-RAPIDS-130--5350-C-Ave-NE--BLDG-130/Intern-Conversion--Systems-Engineer-I--Onsite-_01863596
workday:fifththird:/job/Cincinnati-OH/XMLNAME-2027-IT-Audit-Intern_R70611,Fifth Third Bank,2027 IT Audit Intern,Summer 2027,False,,Internship,,GRC / Risk,"Cincinnati, OH",unknown,,,,2026-08-06T00:00:00Z,date_only,2026-08-12T03:53:22Z,https://fifththird.wd5.myworkdayjobs.com/53careers/job/Cincinnati-OH/XMLNAME-2027-IT-Audit-Intern_R70611
greenhouse:oldmissioncapital:7828063003,Old Mission Capital,Compliance Analyst Co-Op,Not stated,True,,Co-op,,GRC / Risk,"Chicago, IL, United States",unknown,8,$30/hr,Python; SQL,2026-08-05T13:24:37-04:00,exact,2026-08-12T03:53:22Z,https://www.oldmissioncapital.com/careers/?gh_jid=7828063003
workday:motorolasolutions:/job/Washington-DC-Remote-Work/CAD-RMS-Technical-Co-op-Program_R64127,Motorola,CAD/RMS System Administrator - Internship,Not stated,True,,Internship,yes,Systems & Cloud Infra,"Washington DC Remote Work, More...",no-sponsorship,,,SQL,2026-08-05T00:00:00Z,date_only,2026-08-12T03:53:22Z,https://motorolasolutions.wd5.myworkdayjobs.com/Careers/job/Washington-DC-Remote-Work/CAD-RMS-Technical-Co-op-Program_R64127
workday:globalhr:/job/US-IA-CEDAR-RAPIDS-112--400-Collins-Rd-NE--BLDG-112/Systems-Engineer-Intern---Summer-2027--Onsite-_01864173,RTX,Systems Engineer Intern - Summer 2027 (Onsite),Summer 2027,False,,Internship,,Systems & Cloud Infra,US-IA-CEDAR RAPIDS-112 ~ 400 Collins Rd NE ~ BLDG 112,no-sponsorship,,,Python; MATLAB,2026-08-04T00:00:00Z,date_only,2026-08-12T03:53:22Z,https://globalhr.wd5.myworkdayjobs.com/Private_Posting_No_TMP/job/US-IA-CEDAR-RAPIDS-112--400-Collins-Rd-NE--BLDG-112/Systems-Engineer-Intern---Summer-2027--Onsite-_01864173
workday:pentair:/job/Golden-Valley-MN/IT---Cybersecurity-Leadership-Development-Internship-Program----Summer-2027_R23700,Pentair,IT & Cybersecurity Leadership Development Internship Program -  Summer 2027,Summer 2027,False,,Internship,,Security (general),"Golden Valley, MN",no-sponsorship,,$31/hr,,2026-08-04T00:00:00Z,date_only,2026-08-12T03:53:22Z,https://pentair.wd5.myworkdayjobs.com/pentair_careers/job/Golden-Valley-MN/IT---Cybersecurity-Leadership-Development-Internship-Program----Summer-2027_R23700
workday:thales:/job/Texas/AppSec-Product-Support-Intern_R0328978-1,Thales,AppSec Product Support Intern,Not stated,True,,Internship,,AppSec / Product Sec,Texas,unknown,,,,2026-08-04T00:00:00Z,date_only,2026-08-12T03:53:22Z,https://thales.wd3.myworkdayjobs.com/careers/job/Texas/AppSec-Product-Support-Intern_R0328978-1
workday:medtronic:/job/Minneapolis-Minnesota-United-States-of-America/IT-Intern---Summer-2027_R73625-1,Medtronic,IT Intern - Summer 2027,Summer 2027,False,,Internship,,IT Support / Ops,"Minneapolis, Minnesota, United States of America",no-sponsorship,424,$23.25–$33.25/hr,Python; SQL; AWS,2026-08-03T00:00:00Z,date_only,2026-08-12T03:53:22Z,https://medtronic.wd1.myworkdayjobs.com/MedtronicCareers/job/Minneapolis-Minnesota-United-States-of-America/IT-Intern---Summer-2027_R73625-1
workday:monolithicpower:/job/San-Jose-CA/Security-Analyst-Intern_R-982-1,Monolithic Power Systems,Security Analyst Intern,Not stated,True,,Internship,,Security (general),"San Jose, CA",unknown,20,$26/hr,Python; Bash; Kubernetes; Docker; Terraform; Git,2026-08-03T00:00:00Z,date_only,2026-08-12T03:53:22Z,https://monolithicpower.wd12.myworkdayjobs.com/MPS_Careers/job/San-Jose-CA/Security-Analyst-Intern_R-982-1
workday:quickenloans:/job/Detroit-MI/Security-Services-Intern---Fall-2026_R-082242,Rocket Companies,Security Services Intern - Fall 2026,Fall 2026,False,,Internship,,Security (general),"Detroit, MI",unknown,,,,2026-07-30T00:00:00Z,date_only,2026-08-12T03:53:22Z,https://quickenloans.wd5.myworkdayjobs.com/rocket_careers/job/Detroit-MI/Security-Services-Intern---Fall-2026_R-082242
oracle:edbz.fa.us2.oraclecloud.com:25016832,Texas Instruments,Network Engineer - Encore Program Internship,Not stated,True,,Internship,,Network / Telecom,"Dallas, TX, United States",no-sponsorship,234,,Python; AWS; GCP; Azure; Terraform,2026-07-29,date_only,2026-08-12T03:53:22Z,https://edbz.fa.us2.oraclecloud.com/hcmUI/CandidateExperience/en/sites/CX_1/job/25016832
greenhouse:appian:8088496,Appian,Information Security Engineer Intern,Summer 2027,False,,Internship,,Security (general),"McLean, Virginia",no-sponsorship,44,$50/hr,LLMs,2026-07-27T10:49:22-04:00,exact,2026-08-12T03:53:22Z,https://job-boards.greenhouse.io/appian/jobs/8088496
greenhouse:pdtpartners:8083292,PDT Partners,Summer 2027 Systems Engineering Intern,Summer 2027,False,,Internship,,Systems & Cloud Infra,"New York, NY",unknown,4,,Kubernetes,2026-07-24T16:16:11-04:00,exact,2026-08-12T03:53:22Z,https://job-boards.greenhouse.io/pdtpartners/jobs/8083292
workday:cmu:/job/Pittsburgh-PA/Security-Services-Intern---Fall-Semester_2024907-1,Carnegie Mellon University,Security Services Intern - Fall Semester,Not stated,True,,Internship,,Security (general),"Pittsburgh, PA",no-sponsorship,164,,,2026-07-24T00:00:00Z,date_only,2026-08-12T03:53:22Z,https://cmu.wd5.myworkdayjobs.com/cmu/job/Pittsburgh-PA/Security-Services-Intern---Fall-Semester_2024907-1
workday:cat:/job/San-Diego-California/XMLNAME-2027-IT-Intern_R0000381898,Solar Turbines,2027 IT Intern,Summer 2027,False,,Internship,,IT Support / Ops,"San Diego, California",no-sponsorship,17,,,2026-07-23T00:00:00Z,date_only,2026-08-12T03:53:22Z,https://cat.wd5.myworkdayjobs.com/solarturbines/job/San-Diego-California/XMLNAME-2027-IT-Intern_R0000381898
smartrecruiters:KOSTALGroup:744000138137225,KOSTAL Group,Systems Engineering Intern,Not stated,True,,Internship,,Systems & Cloud Infra,"Troy, MI, United States",unknown,,,,2026-07-16T14:51:16.342Z,exact,2026-08-18T10:02:40Z,https://jobs.smartrecruiters.com/KOSTALGroup/744000138137225
greenhouse:akunacapital:8018856,Akuna Capital,"Platform Engineer Intern, Summer 2027",Summer 2027,False,,Internship,,Systems & Cloud Infra,"Chicago, IL",unknown,40,,AWS; Kubernetes,2026-07-13T14:21:52-04:00,exact,2026-08-12T03:53:22Z,https://www.akunacapital.com/careers/job/8018856/?gh_jid=8018856
greenhouse:drweng:7993195,DRW,Leadership Rotation Network Intern,Not stated,True,,Internship,,Network / Telecom,"Chicago, IL",no-sponsorship,31,,Python; SQL; Pandas; Git,2026-07-13T10:10:38-04:00,exact,2026-08-12T03:53:22Z,https://job-boards.greenhouse.io/drweng/jobs/7993195
greenhouse:transmarketgroup:5151577007,TransMarket Group,DevOps/SRE Intern,Not stated,True,,Internship,,Systems & Cloud Infra,"Chicago, Illinois, United States",unknown,,,Python; Docker; Git,2026-06-02T11:14:23-04:00,exact,2026-08-16T15:47:21Z,https://job-boards.greenhouse.io/transmarketgroup/jobs/5151577007?gh_jid=5151577007
greenhouse:neuralink:7736276003,Neuralink,IT Systems Administrator Intern,Not stated,True,,Internship,,Systems & Cloud Infra,"Austin, Texas, United States; South San Francisco, California, United States",unknown,7,$25/hr,Python; Bash; Linux,2026-05-15T19:15:03-04:00,exact,2026-08-16T15:47:21Z,https://boards.greenhouse.io/neuralink/jobs/7736276003?gh_jid=7736276003
workday:motorolasolutions:/job/Los-Angeles-CA/R-D-Intern---Wireless-Systems-Engineer---2026_R62376,Motorola,R&D Intern - Wireless Systems Engineer - 2026,Fall 2026,False,,Internship,,Network / Telecom,"Los Angeles, CA",citizens-only,,,MATLAB,2026-03-30T00:00:00Z,date_only,2026-08-12T03:53:22Z,https://motorolasolutions.wd5.myworkdayjobs.com/Careers/job/Los-Angeles-CA/R-D-Intern---Wireless-Systems-Engineer---2026_R62376
